n_Characters,y_real,y_pred,Prediction_Probability,Prediction_Match_Rate
33,sell,sell,0.498291015625,True
149,buy,buy,0.56005859375,True
164,buy,sell,0.51220703125,False
104,sell,buy,0.505859375,False
54,sell,sell,0.51806640625,True
1216,buy,sell,0.595703125,False
1159,buy,sell,0.603515625,False
465,sell,buy,0.5166015625,False
440,buy,sell,0.6357421875,False
1403,buy,sell,0.492431640625,False
1726,buy,sell,0.51904296875,False
924,sell,sell,0.50634765625,True
173,sell,buy,0.495849609375,False
116,buy,sell,0.51904296875,False
242,buy,buy,0.4970703125,True
155,buy,buy,0.6015625,True
1387,sell,sell,0.5673828125,True
1015,buy,sell,0.603515625,False
1410,sell,sell,0.57373046875,True
2503,buy,sell,0.60400390625,False
1777,sell,sell,0.6845703125,True
1765,buy,sell,0.6640625,False
1321,buy,sell,0.6318359375,False
1670,sell,sell,0.53466796875,True
6427,buy,buy,0.230224609375,True
793,sell,sell,0.63525390625,True
765,buy,sell,0.58251953125,False
580,sell,sell,0.5537109375,True
165,buy,buy,0.54052734375,True
864,buy,sell,0.60595703125,False
180,buy,buy,0.50732421875,True
592,buy,sell,0.62646484375,False
190,sell,sell,0.513671875,True
346,sell,sell,0.580078125,True
167,buy,buy,0.5234375,True
243,sell,buy,0.54736328125,False
89,sell,sell,0.5244140625,True
81,buy,sell,0.55224609375,False
106,buy,sell,0.50146484375,False
209,buy,buy,0.49853515625,True
166,buy,sell,0.501953125,False
70,sell,sell,0.509765625,True
578,sell,sell,0.708984375,True
409,buy,sell,0.50146484375,False
407,sell,sell,0.58984375,True
370,buy,sell,0.54248046875,False
1288,buy,sell,0.5810546875,False
666,buy,sell,0.625,False
334,buy,buy,0.50146484375,True
1053,sell,sell,0.587890625,True
551,sell,sell,0.56640625,True
499,sell,buy,0.55078125,False
313,buy,sell,0.52880859375,False
1135,sell,sell,0.517578125,True
960,buy,sell,0.52294921875,False
1484,buy,sell,0.58056640625,False
1285,buy,sell,0.52783203125,False
307,buy,buy,0.52099609375,True
522,sell,sell,0.49609375,True
1116,buy,sell,0.568359375,False
499,sell,buy,0.51904296875,False
37,buy,buy,0.498046875,True
99,buy,buy,0.541015625,True
58,buy,buy,0.56640625,True
171,buy,buy,0.55517578125,True
494,sell,sell,0.5380859375,True
112,buy,buy,0.52685546875,True
49,buy,sell,0.57373046875,False
57,buy,sell,0.51806640625,False
57,buy,sell,0.51513671875,False
56,sell,sell,0.51220703125,True
42,buy,sell,0.56494140625,False
89,buy,buy,0.4970703125,True
261,buy,sell,0.50244140625,False
18,sell,sell,0.53662109375,True
87,sell,sell,0.50146484375,True
161,buy,buy,0.6005859375,True
36,buy,sell,0.51318359375,False
135,buy,sell,0.5302734375,False
684,sell,buy,0.5126953125,False
106,buy,sell,0.5146484375,False
109,buy,buy,0.52978515625,True
35,sell,sell,0.515625,True
59,buy,sell,0.537109375,False
67,buy,buy,0.50537109375,True
368,buy,buy,0.5390625,True
550,buy,buy,0.49267578125,True
452,buy,buy,0.5478515625,True
408,buy,sell,0.55712890625,False
321,buy,sell,0.529296875,False
587,buy,sell,0.59130859375,False
226,buy,buy,0.55224609375,True
555,buy,sell,0.60400390625,False
620,sell,sell,0.58447265625,True
919,buy,buy,0.494384765625,True
55,buy,sell,0.50732421875,False
222,buy,sell,0.51904296875,False
56,buy,sell,0.50830078125,False
185,buy,buy,0.53564453125,True
237,buy,sell,0.51806640625,False
238,sell,buy,0.52001953125,False
57,buy,sell,0.53515625,False
61,buy,sell,0.499267578125,False
99,buy,buy,0.51123046875,True
435,buy,sell,0.54541015625,False
118,sell,sell,0.50048828125,True
114,buy,sell,0.52978515625,False
57,sell,sell,0.5458984375,True
56,sell,sell,0.5390625,True
72,buy,buy,0.52587890625,True
70,buy,sell,0.5107421875,False
57,sell,sell,0.521484375,True
57,buy,sell,0.521484375,False
228,sell,sell,0.5341796875,True
126,buy,buy,0.52001953125,True
213,sell,sell,0.5244140625,True
57,sell,sell,0.525390625,True
185,buy,buy,0.53564453125,True
120,buy,buy,0.50439453125,True
124,buy,buy,0.568359375,True
180,buy,buy,0.53564453125,True
66,sell,buy,0.51953125,False
56,sell,buy,0.50244140625,False
101,buy,buy,0.56884765625,True
63,sell,buy,0.499755859375,False
132,buy,sell,0.5009765625,False
57,sell,sell,0.52783203125,True
99,buy,sell,0.525390625,False
84,sell,sell,0.50390625,True
61,buy,sell,0.54833984375,False
52,buy,sell,0.4970703125,False
138,sell,sell,0.505859375,True
68,sell,buy,0.587890625,False
91,buy,buy,0.5009765625,True
380,buy,sell,0.5234375,False
449,sell,sell,0.5712890625,True
119,buy,sell,0.57958984375,False
117,buy,sell,0.60400390625,False
64,sell,sell,0.572265625,True
64,buy,sell,0.50146484375,False
129,sell,buy,0.53564453125,False
289,buy,buy,0.55615234375,True
134,sell,buy,0.5361328125,False
58,sell,sell,0.57177734375,True
82,sell,sell,0.5263671875,True
1823,buy,buy,0.85009765625,True
340,buy,sell,0.5849609375,False
56,sell,sell,0.541015625,True
75,buy,buy,0.51904296875,True
376,buy,buy,0.55517578125,True
50,sell,buy,0.51123046875,False
56,sell,sell,0.5380859375,True
1645,buy,sell,0.49560546875,False
267,buy,sell,0.55029296875,False
259,buy,sell,0.51611328125,False
57,sell,sell,0.53076171875,True
56,buy,sell,0.52978515625,False
887,buy,sell,0.6064453125,False
465,sell,sell,0.60009765625,True
48,buy,buy,0.525390625,True
334,sell,buy,0.52978515625,False
1023,sell,sell,0.5263671875,True
297,sell,buy,0.498779296875,False
67,buy,sell,0.5302734375,False
91,buy,sell,0.505859375,False
115,buy,sell,0.50439453125,False
57,buy,buy,0.49951171875,True
90,sell,buy,0.53466796875,False
57,buy,sell,0.5224609375,False
138,buy,buy,0.50341796875,True
111,buy,buy,0.50537109375,True
88,buy,sell,0.50634765625,False
58,sell,sell,0.51904296875,True
704,sell,sell,0.59326171875,True
110,buy,sell,0.509765625,False
141,sell,buy,0.54150390625,False
393,sell,buy,0.5712890625,False
1071,buy,sell,0.57373046875,False
260,buy,buy,0.53173828125,True
79,sell,buy,0.498779296875,False
22,buy,buy,0.5126953125,True
79,buy,sell,0.54345703125,False
88,sell,buy,0.55029296875,False
71,buy,buy,0.529296875,True
28,buy,buy,0.498779296875,True
921,sell,sell,0.51220703125,True
365,buy,sell,0.5830078125,False
949,sell,sell,0.6572265625,True
350,buy,sell,0.51708984375,False
93,sell,sell,0.53857421875,True
66,buy,sell,0.53759765625,False
153,buy,buy,0.50927734375,True
64,sell,buy,0.50927734375,False
106,buy,sell,0.50732421875,False
244,buy,sell,0.50390625,False
110,buy,buy,0.499755859375,True
69,buy,sell,0.5283203125,False
55,buy,sell,0.5,False
56,buy,sell,0.505859375,False
55,sell,buy,0.498291015625,False
55,buy,sell,0.498291015625,False
56,buy,sell,0.50390625,False
56,buy,sell,0.52197265625,False
56,buy,sell,0.5048828125,False
159,sell,buy,0.50390625,False
3150,sell,buy,0.3994140625,False
1726,buy,sell,0.7041015625,False
2057,sell,sell,0.5361328125,True
3187,buy,sell,0.607421875,False
3735,sell,buy,0.79052734375,False
3144,buy,sell,0.61962890625,False
3166,buy,buy,0.5263671875,True
6779,buy,none,0.10711669921875,False
7649,sell,none,0.13818359375,False
61,buy,sell,0.53076171875,False
166,buy,sell,0.5263671875,False
338,buy,buy,0.4833984375,True
194,sell,buy,0.521484375,False
131,sell,sell,0.548828125,True
246,buy,sell,0.5205078125,False
129,buy,sell,0.55078125,False
770,buy,buy,0.495361328125,True
198,buy,buy,0.5478515625,True
89,buy,sell,0.54150390625,False
220,buy,sell,0.50439453125,False
90,buy,sell,0.5517578125,False
186,sell,buy,0.52734375,False
195,sell,buy,0.50146484375,False
141,sell,buy,0.58154296875,False
138,buy,buy,0.54638671875,True
207,sell,sell,0.537109375,True
361,buy,sell,0.50732421875,False
252,sell,buy,0.53173828125,False
396,buy,buy,0.494140625,True
155,buy,buy,0.56884765625,True
276,sell,sell,0.53369140625,True
72,sell,sell,0.501953125,True
69,sell,buy,0.5322265625,False
56,buy,sell,0.5224609375,False
56,buy,sell,0.5244140625,False
371,sell,buy,0.53759765625,False
312,buy,buy,0.52392578125,True
183,buy,sell,0.61767578125,False
87,buy,sell,0.61962890625,False
281,buy,sell,0.56982421875,False
208,sell,buy,0.52734375,False
331,sell,buy,0.548828125,False
56,sell,sell,0.52587890625,True
57,buy,sell,0.52392578125,False
63,sell,buy,0.53369140625,False
165,sell,sell,0.5361328125,True
71,buy,buy,0.56591796875,True
53,sell,sell,0.56689453125,True
48,sell,buy,0.5830078125,False
70,sell,buy,0.52783203125,False
225,buy,buy,0.5517578125,True
170,buy,sell,0.5078125,False
84,buy,sell,0.5068359375,False
79,sell,sell,0.53515625,True
82,buy,sell,0.56103515625,False
740,sell,sell,0.517578125,True
279,sell,sell,0.50341796875,True
82,buy,buy,0.50390625,True
55,buy,sell,0.5693359375,False
66,buy,sell,0.51171875,False
87,buy,buy,0.5283203125,True
203,buy,buy,0.521484375,True
109,sell,sell,0.59814453125,True
114,buy,sell,0.50634765625,False
55,sell,sell,0.50341796875,True
99,sell,sell,0.52001953125,True
491,sell,sell,0.55712890625,True
357,buy,sell,0.53271484375,False
86,buy,sell,0.564453125,False
59,sell,sell,0.5078125,True
87,buy,buy,0.5068359375,True
304,sell,buy,0.591796875,False
128,buy,buy,0.53759765625,True
56,buy,buy,0.5,True
55,buy,buy,0.50390625,True
56,buy,buy,0.498291015625,True
103,sell,sell,0.53271484375,True
931,buy,sell,0.65478515625,False
141,buy,buy,0.5146484375,True
107,sell,sell,0.509765625,True
239,sell,buy,0.52783203125,False
80,sell,buy,0.5166015625,False
57,buy,sell,0.55224609375,False
71,buy,buy,0.5078125,True
142,buy,buy,0.552734375,True
427,buy,sell,0.51123046875,False
65,buy,sell,0.5029296875,False
163,buy,sell,0.52294921875,False
468,buy,sell,0.51318359375,False
93,sell,buy,0.517578125,False
150,buy,buy,0.51025390625,True
731,sell,sell,0.5830078125,True
79,buy,buy,0.517578125,True
127,buy,buy,0.51904296875,True
243,sell,buy,0.58642578125,False
243,buy,buy,0.53466796875,True
244,sell,buy,0.56787109375,False
212,sell,buy,0.51416015625,False
70,sell,buy,0.5166015625,False
82,buy,buy,0.52490234375,True
3163,buy,buy,0.44775390625,True
1475,buy,sell,0.6923828125,False
1525,sell,buy,0.5146484375,False
3035,buy,buy,0.50732421875,True
1880,buy,buy,0.470458984375,True
2299,sell,sell,0.697265625,True
722,buy,buy,0.53125,True
261,sell,sell,0.55810546875,True
6369,buy,none,0.1339111328125,False
765,buy,sell,0.6298828125,False
496,buy,sell,0.7119140625,False
946,sell,sell,0.63916015625,True
691,buy,sell,0.6142578125,False
785,buy,sell,0.53759765625,False
433,buy,sell,0.5390625,False
442,buy,sell,0.52392578125,False
352,sell,sell,0.5693359375,True
733,sell,sell,0.66455078125,True
54,sell,buy,0.5048828125,False
56,buy,sell,0.53955078125,False
579,sell,sell,0.63134765625,True
71,buy,sell,0.56494140625,False
57,buy,sell,0.53759765625,False
56,sell,sell,0.53857421875,True
164,buy,buy,0.51123046875,True
62,sell,sell,0.57373046875,True
129,buy,buy,0.5224609375,True
165,buy,buy,0.50634765625,True
239,buy,buy,0.578125,True
1236,buy,buy,0.51171875,True
438,sell,sell,0.51708984375,True
213,buy,sell,0.59716796875,False
356,buy,buy,0.53955078125,True
248,buy,sell,0.57421875,False
364,buy,sell,0.5908203125,False
80,sell,sell,0.529296875,True
79,buy,sell,0.556640625,False
75,buy,sell,0.626953125,False
2926,buy,buy,0.61376953125,True
765,buy,sell,0.5537109375,False
343,buy,sell,0.51171875,False
365,buy,buy,0.51025390625,True
310,buy,sell,0.50390625,False
340,buy,buy,0.5380859375,True
283,buy,sell,0.55419921875,False
240,sell,buy,0.52685546875,False
158,buy,sell,0.497802734375,False
1049,buy,sell,0.62109375,False
1237,buy,sell,0.64404296875,False
478,buy,sell,0.615234375,False
175,sell,buy,0.498779296875,False
798,buy,sell,0.51953125,False
1052,sell,sell,0.515625,True
1019,buy,sell,0.55810546875,False
78,sell,sell,0.57861328125,True
1421,buy,sell,0.5498046875,False
940,buy,sell,0.5029296875,False
139,sell,buy,0.5419921875,False
96,buy,sell,0.552734375,False
57,sell,sell,0.51220703125,True
68,sell,sell,0.49560546875,True
115,buy,sell,0.57763671875,False
294,buy,sell,0.5673828125,False
162,sell,sell,0.53466796875,True
391,buy,sell,0.5390625,False
382,buy,sell,0.58251953125,False
344,buy,sell,0.6708984375,False
324,buy,sell,0.56689453125,False
104,sell,sell,0.517578125,True
457,sell,sell,0.5556640625,True
60,buy,sell,0.5703125,False
81,buy,sell,0.564453125,False
62,sell,sell,0.51953125,True
667,sell,sell,0.60400390625,True
591,buy,sell,0.6640625,False
56,sell,sell,0.5009765625,True
114,buy,buy,0.50390625,True
192,buy,buy,0.52880859375,True
56,sell,buy,0.497314453125,False
324,sell,sell,0.59375,True
114,sell,buy,0.501953125,False
125,buy,sell,0.54833984375,False
646,buy,sell,0.54736328125,False
357,buy,sell,0.5087890625,False
234,sell,sell,0.583984375,True
521,buy,sell,0.533203125,False
284,buy,buy,0.4873046875,True
1040,buy,sell,0.54931640625,False
1679,buy,buy,0.5146484375,True
593,buy,sell,0.59765625,False
3357,buy,buy,0.7314453125,True
187,sell,buy,0.50830078125,False
269,buy,buy,0.50390625,True
250,buy,buy,0.5263671875,True
234,buy,sell,0.56884765625,False
57,buy,sell,0.51904296875,False
65,sell,buy,0.52587890625,False
1033,sell,sell,0.58544921875,True
1251,buy,sell,0.4814453125,False
820,sell,buy,0.50439453125,False
1371,buy,sell,0.59619140625,False
1301,sell,sell,0.56103515625,True
840,buy,sell,0.58203125,False
101,buy,sell,0.51171875,False
472,sell,sell,0.5322265625,True
128,sell,sell,0.583984375,True
2093,buy,sell,0.5419921875,False
4613,sell,buy,0.71630859375,False
554,buy,sell,0.58251953125,False
2266,buy,buy,0.49267578125,True
498,buy,sell,0.5888671875,False
256,buy,sell,0.52099609375,False
259,sell,sell,0.58349609375,True
635,sell,sell,0.62939453125,True
175,sell,buy,0.5029296875,False
174,buy,buy,0.58984375,True
227,buy,buy,0.52734375,True
161,buy,buy,0.5263671875,True
65,sell,buy,0.529296875,False
390,sell,sell,0.50830078125,True
166,buy,buy,0.537109375,True
448,buy,buy,0.5166015625,True
56,buy,sell,0.53466796875,False
56,buy,sell,0.51025390625,False
204,buy,sell,0.51025390625,False
130,sell,sell,0.52001953125,True
128,sell,sell,0.52490234375,True
57,sell,sell,0.51806640625,True
653,buy,sell,0.57470703125,False
721,sell,sell,0.5224609375,True
182,buy,sell,0.576171875,False
56,sell,sell,0.50146484375,True
243,sell,sell,0.53125,True
71,sell,sell,0.50341796875,True
51,sell,sell,0.63525390625,True
236,sell,sell,0.51953125,True
492,buy,sell,0.51123046875,False
55,sell,buy,0.501953125,False
85,sell,sell,0.5830078125,True
55,buy,buy,0.5,True
41,sell,sell,0.57373046875,True
232,sell,buy,0.5302734375,False
96,sell,buy,0.51611328125,False
382,buy,sell,0.59619140625,False
921,buy,sell,0.50146484375,False
1114,sell,sell,0.476806640625,True
2970,buy,buy,0.68017578125,True
4311,sell,buy,0.490478515625,False
2590,buy,buy,0.70654296875,True
2090,buy,buy,0.705078125,True
894,sell,sell,0.423828125,True
4053,sell,buy,0.9111328125,False
3293,buy,sell,0.72265625,False
461,buy,sell,0.5673828125,False
116,sell,buy,0.495361328125,False
364,buy,sell,0.54296875,False
863,sell,sell,0.493408203125,True
71,buy,sell,0.52587890625,False
57,sell,sell,0.53662109375,True
62,sell,sell,0.53759765625,True
56,buy,sell,0.51025390625,False
196,sell,buy,0.51806640625,False
57,buy,sell,0.5322265625,False
55,buy,sell,0.50830078125,False
171,sell,sell,0.59130859375,True
235,buy,buy,0.591796875,True
76,sell,sell,0.57470703125,True
134,buy,sell,0.49951171875,False
57,buy,sell,0.53466796875,False
57,sell,sell,0.51416015625,True
144,buy,sell,0.50341796875,False
57,sell,sell,0.515625,True
187,buy,buy,0.5107421875,True
96,buy,sell,0.51220703125,False
75,sell,buy,0.53076171875,False
158,buy,buy,0.499267578125,True
738,buy,sell,0.642578125,False
95,buy,sell,0.5341796875,False
1439,sell,sell,0.6279296875,True
225,buy,buy,0.51904296875,True
254,buy,sell,0.5244140625,False
180,buy,buy,0.533203125,True
274,buy,sell,0.52294921875,False
144,sell,sell,0.50341796875,True
591,buy,sell,0.59033203125,False
95,buy,sell,0.55029296875,False
109,buy,sell,0.513671875,False
120,sell,buy,0.51220703125,False
55,buy,sell,0.52099609375,False
273,buy,buy,0.53125,True
192,sell,buy,0.55908203125,False
127,buy,sell,0.55126953125,False
61,sell,buy,0.50341796875,False
211,sell,buy,0.501953125,False
537,sell,sell,0.51953125,True
321,sell,buy,0.51513671875,False
28,buy,sell,0.50634765625,False
772,sell,sell,0.5771484375,True
57,buy,buy,0.5029296875,True
57,buy,buy,0.50146484375,True
163,sell,buy,0.5478515625,False
57,buy,sell,0.51220703125,False
409,buy,buy,0.529296875,True
243,sell,buy,0.52099609375,False
58,buy,sell,0.51171875,False
69,sell,sell,0.552734375,True
55,buy,buy,0.521484375,True
56,buy,buy,0.51806640625,True
101,sell,sell,0.5712890625,True
179,sell,buy,0.54052734375,False
185,buy,sell,0.5029296875,False
56,sell,sell,0.5009765625,True
827,buy,sell,0.54248046875,False
694,sell,sell,0.59716796875,True
245,buy,sell,0.5400390625,False
939,buy,sell,0.50927734375,False
403,sell,sell,0.52587890625,True
3573,buy,buy,0.486328125,True
232,sell,sell,0.51416015625,True
1152,sell,sell,0.599609375,True
1291,sell,sell,0.5517578125,True
57,buy,sell,0.51708984375,False
201,buy,buy,0.5322265625,True
91,buy,sell,0.5302734375,False
117,buy,sell,0.57666015625,False
523,buy,sell,0.5517578125,False
97,buy,buy,0.501953125,True
70,sell,buy,0.499755859375,False
142,buy,buy,0.6083984375,True
55,buy,sell,0.52392578125,False
335,buy,buy,0.5107421875,True
193,buy,sell,0.59619140625,False
516,sell,sell,0.5205078125,True
55,sell,sell,0.52294921875,True
60,buy,sell,0.5478515625,False
135,sell,sell,0.5615234375,True
160,sell,buy,0.51611328125,False
234,buy,buy,0.5048828125,True
92,buy,sell,0.5439453125,False
55,sell,sell,0.54638671875,True
60,buy,sell,0.5263671875,False
54,sell,sell,0.515625,True
134,sell,sell,0.544921875,True
54,sell,sell,0.513671875,True
114,buy,buy,0.51123046875,True
87,buy,buy,0.51611328125,True
188,buy,sell,0.54443359375,False
284,buy,sell,0.51318359375,False
151,buy,buy,0.5595703125,True
141,sell,sell,0.51123046875,True
141,buy,sell,0.51708984375,False
124,sell,sell,0.51806640625,True
423,sell,sell,0.5546875,True
55,sell,sell,0.50390625,True
56,buy,sell,0.50732421875,False
56,sell,sell,0.53271484375,True
146,sell,buy,0.53857421875,False
376,buy,sell,0.56884765625,False
89,buy,sell,0.5634765625,False
89,buy,sell,0.55712890625,False
82,buy,sell,0.50927734375,False
83,buy,buy,0.52197265625,True
57,sell,sell,0.51025390625,True
144,sell,buy,0.5068359375,False
189,sell,buy,0.55126953125,False
77,buy,buy,0.50244140625,True
116,sell,sell,0.5498046875,True
118,sell,sell,0.55859375,True
187,buy,sell,0.50927734375,False
511,buy,sell,0.5791015625,False
86,buy,buy,0.51171875,True
474,sell,sell,0.51708984375,True
73,buy,sell,0.60595703125,False
113,sell,buy,0.5048828125,False
114,buy,buy,0.498291015625,True
343,buy,buy,0.50244140625,True
162,sell,buy,0.517578125,False
83,sell,sell,0.50048828125,True
472,sell,sell,0.5732421875,True
75,sell,sell,0.52001953125,True
76,sell,sell,0.5625,True
194,buy,buy,0.50732421875,True
64,sell,sell,0.51123046875,True
101,buy,sell,0.533203125,False
144,buy,sell,0.50048828125,False
55,buy,sell,0.52392578125,False
56,sell,sell,0.52685546875,True
73,sell,buy,0.52197265625,False
581,sell,sell,0.58154296875,True
130,buy,buy,0.5078125,True
57,buy,sell,0.55224609375,False
121,buy,buy,0.51220703125,True
115,buy,buy,0.49609375,True
124,sell,buy,0.52294921875,False
782,sell,sell,0.5380859375,True
747,buy,sell,0.61962890625,False
446,buy,sell,0.64404296875,False
1162,buy,sell,0.6533203125,False
242,sell,buy,0.52880859375,False
233,buy,buy,0.5361328125,True
173,sell,buy,0.5078125,False
574,sell,buy,0.5146484375,False
455,sell,buy,0.5390625,False
321,buy,buy,0.50732421875,True
236,buy,buy,0.5732421875,True
130,sell,buy,0.552734375,False
69,sell,buy,0.52392578125,False
56,buy,sell,0.623046875,False
163,buy,sell,0.517578125,False
311,buy,sell,0.5107421875,False
150,buy,buy,0.54931640625,True
85,sell,buy,0.499755859375,False
65,sell,buy,0.50439453125,False
353,buy,sell,0.501953125,False
301,buy,sell,0.625,False
120,sell,sell,0.51953125,True
234,buy,sell,0.5400390625,False
150,sell,buy,0.5400390625,False
267,buy,sell,0.483642578125,False
421,sell,sell,0.53515625,True
766,sell,sell,0.50146484375,True
733,buy,sell,0.5380859375,False
115,sell,buy,0.51025390625,False
55,buy,buy,0.5126953125,True
56,buy,sell,0.51123046875,False
137,sell,sell,0.49658203125,True
55,buy,sell,0.4990234375,False
56,buy,sell,0.52001953125,False
104,sell,buy,0.55126953125,False
439,buy,sell,0.57373046875,False
74,buy,buy,0.49853515625,True
114,sell,buy,0.49755859375,False
88,buy,sell,0.53125,False
148,buy,sell,0.495361328125,False
56,sell,sell,0.52099609375,True
507,buy,sell,0.5380859375,False
240,buy,sell,0.52880859375,False
55,buy,buy,0.499755859375,True
167,buy,buy,0.498291015625,True
314,buy,sell,0.4970703125,False
55,buy,buy,0.498779296875,True
57,buy,sell,0.52685546875,False
56,sell,sell,0.5,True
142,sell,sell,0.50048828125,True
86,buy,buy,0.53466796875,True
187,sell,buy,0.591796875,False
143,buy,buy,0.5517578125,True
84,buy,buy,0.51708984375,True
83,sell,buy,0.53125,False
86,buy,buy,0.53515625,True
56,sell,sell,0.53173828125,True
438,buy,sell,0.56494140625,False
994,buy,sell,0.5751953125,False
1302,sell,sell,0.5849609375,True
346,buy,sell,0.52783203125,False
2440,buy,buy,0.55322265625,True
1219,buy,sell,0.65283203125,False
1607,buy,sell,0.599609375,False
1274,sell,sell,0.49267578125,True
1664,sell,sell,0.68115234375,True
20,buy,sell,0.5263671875,False
20,sell,sell,0.5224609375,True
988,buy,sell,0.587890625,False
743,buy,sell,0.75537109375,False
358,sell,sell,0.5595703125,True
964,buy,sell,0.64794921875,False
250,buy,sell,0.58642578125,False
1177,sell,sell,0.64453125,True
831,buy,sell,0.62548828125,False
114,sell,sell,0.49609375,True
180,sell,buy,0.488525390625,False
216,sell,buy,0.5546875,False
229,buy,sell,0.56298828125,False
841,buy,buy,0.451416015625,True
310,buy,buy,0.5205078125,True
62,buy,sell,0.5478515625,False
56,buy,buy,0.515625,True
360,buy,buy,0.495361328125,True
55,sell,buy,0.517578125,False
57,buy,sell,0.5029296875,False
49,sell,sell,0.5625,True
270,sell,sell,0.5205078125,True
645,sell,sell,0.57080078125,True
289,buy,buy,0.54296875,True
277,sell,sell,0.498291015625,True
854,buy,sell,0.53125,False
602,buy,sell,0.52587890625,False
148,buy,buy,0.5458984375,True
98,buy,buy,0.51708984375,True
380,sell,sell,0.51953125,True
643,sell,sell,0.5869140625,True
1114,sell,sell,0.54296875,True
276,buy,buy,0.55712890625,True
1018,buy,buy,0.50048828125,True
534,buy,sell,0.52685546875,False
1021,buy,sell,0.4736328125,False
946,buy,buy,0.5205078125,True
735,sell,sell,0.5263671875,True
521,buy,buy,0.51171875,True
199,buy,buy,0.54345703125,True
258,buy,buy,0.58251953125,True
172,buy,buy,0.5595703125,True
202,buy,buy,0.56982421875,True
71,sell,buy,0.515625,False
31,buy,buy,0.5458984375,True
65,buy,sell,0.54541015625,False
68,sell,buy,0.52099609375,False
168,sell,sell,0.4990234375,True
164,buy,buy,0.50341796875,True
167,buy,buy,0.517578125,True
153,buy,buy,0.509765625,True
34,buy,buy,0.5400390625,True
130,sell,sell,0.52880859375,True
114,sell,sell,0.54541015625,True
201,sell,buy,0.6005859375,False
75,buy,buy,0.50830078125,True
88,buy,buy,0.515625,True
74,buy,buy,0.513671875,True
195,buy,sell,0.515625,False
58,buy,sell,0.5185546875,False
57,buy,sell,0.50244140625,False
57,buy,sell,0.5234375,False
123,buy,buy,0.499755859375,True
851,buy,sell,0.609375,False
127,buy,sell,0.509765625,False
58,buy,sell,0.5244140625,False
59,buy,sell,0.51513671875,False
70,sell,sell,0.517578125,True
247,buy,sell,0.544921875,False
72,buy,sell,0.50244140625,False
98,buy,buy,0.568359375,True
312,buy,buy,0.5458984375,True
44,sell,sell,0.58251953125,True
138,sell,sell,0.51806640625,True
56,buy,sell,0.51953125,False
94,sell,buy,0.498291015625,False
57,buy,sell,0.54052734375,False
323,buy,sell,0.494140625,False
172,sell,sell,0.5029296875,True
272,sell,sell,0.5654296875,True
291,sell,sell,0.56689453125,True
370,buy,sell,0.61669921875,False
1327,buy,sell,0.61572265625,False
1448,sell,sell,0.62744140625,True
512,buy,sell,0.6396484375,False
1041,buy,sell,0.62548828125,False
717,sell,sell,0.65966796875,True
884,buy,sell,0.6826171875,False
508,sell,sell,0.5205078125,True
218,sell,sell,0.56787109375,True
55,buy,buy,0.50341796875,True
112,buy,buy,0.54248046875,True
57,sell,sell,0.51171875,True
130,sell,sell,0.5283203125,True
56,buy,sell,0.513671875,False
759,buy,sell,0.5380859375,False
141,buy,buy,0.537109375,True
227,buy,sell,0.552734375,False
190,sell,sell,0.58251953125,True
232,buy,sell,0.52880859375,False
544,sell,sell,0.49609375,True
435,buy,sell,0.59375,False
277,sell,buy,0.578125,False
54,sell,buy,0.498291015625,False
899,buy,sell,0.587890625,False
165,buy,sell,0.51953125,False
57,sell,sell,0.52685546875,True
444,buy,sell,0.546875,False
810,buy,sell,0.68896484375,False
1456,buy,sell,0.55859375,False
221,sell,sell,0.51708984375,True
208,sell,sell,0.521484375,True
5607,sell,buy,0.50537109375,False
170,buy,buy,0.5068359375,True
300,buy,sell,0.529296875,False
227,buy,sell,0.55712890625,False
113,buy,sell,0.517578125,False
212,sell,buy,0.50146484375,False
73,sell,buy,0.5087890625,False
156,buy,sell,0.55517578125,False
243,buy,sell,0.5244140625,False
66,buy,sell,0.65869140625,False
121,buy,buy,0.53564453125,True
66,buy,buy,0.513671875,True
208,buy,buy,0.552734375,True
190,buy,sell,0.51611328125,False
142,sell,buy,0.5537109375,False
82,buy,buy,0.52197265625,True
85,buy,buy,0.515625,True
84,sell,buy,0.52294921875,False
144,sell,buy,0.49658203125,False
82,sell,buy,0.5322265625,False
98,buy,buy,0.5302734375,True
55,buy,sell,0.52685546875,False
121,buy,sell,0.5263671875,False
218,sell,buy,0.5869140625,False
62,sell,sell,0.53076171875,True
79,buy,buy,0.5029296875,True
60,buy,sell,0.5126953125,False
300,buy,sell,0.5146484375,False
66,buy,sell,0.517578125,False
358,buy,sell,0.5693359375,False
55,buy,sell,0.5,False
115,sell,buy,0.50927734375,False
98,sell,buy,0.50732421875,False
56,buy,sell,0.52880859375,False
55,buy,sell,0.501953125,False
55,buy,sell,0.5,False
55,sell,sell,0.5009765625,True
61,buy,sell,0.5234375,False
81,sell,sell,0.5615234375,True
52,buy,sell,0.51220703125,False
150,sell,sell,0.5244140625,True
818,buy,sell,0.501953125,False
234,sell,sell,0.51220703125,True
319,sell,sell,0.5,True
56,sell,sell,0.52197265625,True
340,buy,buy,0.529296875,True
693,sell,sell,0.58984375,True
1449,buy,sell,0.705078125,False
1232,sell,sell,0.6318359375,True
359,buy,sell,0.556640625,False
1319,buy,sell,0.64013671875,False
1665,buy,sell,0.6552734375,False
1613,sell,sell,0.6787109375,True
3401,buy,buy,0.61962890625,True
1966,sell,sell,0.759765625,True
57,sell,buy,0.498291015625,False
61,buy,sell,0.6484375,False
64,sell,sell,0.54638671875,True
134,buy,sell,0.56494140625,False
204,buy,sell,0.59912109375,False
105,sell,sell,0.5693359375,True
77,sell,buy,0.53515625,False
116,buy,sell,0.5439453125,False
148,buy,buy,0.51123046875,True
56,buy,sell,0.49951171875,False
114,sell,buy,0.50390625,False
265,buy,buy,0.556640625,True
117,sell,sell,0.4990234375,True
97,sell,buy,0.5009765625,False
398,sell,buy,0.5068359375,False
181,buy,buy,0.5400390625,True
142,sell,sell,0.49853515625,True
83,buy,buy,0.5185546875,True
352,sell,sell,0.69482421875,True
70,buy,sell,0.50439453125,False
72,buy,buy,0.54052734375,True
83,sell,sell,0.63232421875,True
58,buy,sell,0.53369140625,False
65,buy,sell,0.5625,False
85,buy,sell,0.5087890625,False
67,sell,buy,0.52587890625,False
127,buy,buy,0.53515625,True
177,buy,sell,0.49462890625,False
509,sell,sell,0.58447265625,True
417,buy,sell,0.49658203125,False
55,buy,buy,0.4970703125,True
129,sell,buy,0.50439453125,False
120,sell,sell,0.50146484375,True
56,sell,sell,0.54638671875,True
325,buy,sell,0.5595703125,False
126,buy,buy,0.56640625,True
180,buy,buy,0.5634765625,True
164,buy,buy,0.595703125,True
460,sell,buy,0.54296875,False
2119,sell,buy,0.73486328125,False
519,buy,sell,0.552734375,False
122,buy,buy,0.59765625,True
55,buy,sell,0.5048828125,False
56,buy,sell,0.5068359375,False
211,sell,buy,0.52197265625,False
58,buy,buy,0.53173828125,True
132,buy,buy,0.5048828125,True
115,buy,buy,0.495849609375,True
56,sell,sell,0.52783203125,True
56,sell,sell,0.5087890625,True
76,buy,sell,0.5390625,False
55,sell,sell,0.50439453125,True
353,buy,sell,0.521484375,False
150,buy,sell,0.4931640625,False
108,buy,buy,0.5185546875,True
72,sell,sell,0.5263671875,True
57,buy,sell,0.515625,False
314,sell,sell,0.5400390625,True
122,buy,buy,0.493408203125,True
38,sell,buy,0.53271484375,False
438,buy,buy,0.54931640625,True
1060,buy,sell,0.55615234375,False
503,buy,sell,0.5986328125,False
197,sell,buy,0.53564453125,False
177,buy,buy,0.52880859375,True
245,buy,sell,0.54248046875,False
250,buy,sell,0.51904296875,False
583,sell,sell,0.5400390625,True
498,sell,sell,0.55029296875,True
131,sell,sell,0.50390625,True
75,buy,buy,0.51416015625,True
58,sell,sell,0.5078125,True
77,buy,buy,0.50537109375,True
901,buy,sell,0.54052734375,False
1102,buy,sell,0.53173828125,False
392,sell,buy,0.47705078125,False
26,buy,sell,0.5478515625,False
44,buy,buy,0.50048828125,True
55,sell,sell,0.498779296875,True
56,sell,sell,0.498046875,True
154,sell,sell,0.5458984375,True
556,sell,sell,0.495361328125,True
195,sell,buy,0.495361328125,False
139,buy,sell,0.55859375,False
360,sell,buy,0.568359375,False
57,buy,sell,0.51904296875,False
195,buy,sell,0.52734375,False
155,sell,sell,0.513671875,True
178,sell,sell,0.583984375,True
290,sell,buy,0.49609375,False
75,sell,sell,0.56298828125,True
99,sell,buy,0.5166015625,False
105,sell,sell,0.51708984375,True
93,sell,sell,0.5556640625,True
72,buy,buy,0.53369140625,True
266,sell,buy,0.51904296875,False
57,buy,sell,0.54443359375,False
58,buy,sell,0.5478515625,False
288,buy,sell,0.495849609375,False
134,sell,sell,0.58203125,True
572,sell,sell,0.5654296875,True
292,sell,buy,0.5322265625,False
91,buy,sell,0.52490234375,False
497,buy,sell,0.533203125,False
284,buy,buy,0.5205078125,True
739,sell,buy,0.72119140625,False
233,buy,buy,0.51611328125,True
118,sell,sell,0.57080078125,True
346,buy,sell,0.58642578125,False
350,sell,buy,0.50439453125,False
115,buy,sell,0.505859375,False
147,buy,buy,0.51123046875,True
129,sell,sell,0.52392578125,True
134,buy,buy,0.53515625,True
180,buy,buy,0.5,True
204,sell,buy,0.51513671875,False
211,buy,buy,0.5205078125,True
57,buy,sell,0.51953125,False
245,buy,buy,0.51611328125,True
323,buy,sell,0.62841796875,False
190,sell,buy,0.5361328125,False
135,buy,buy,0.52783203125,True
306,buy,buy,0.5,True
97,buy,sell,0.50390625,False
113,sell,sell,0.51171875,True
146,buy,buy,0.49267578125,True
443,sell,sell,0.5498046875,True
124,sell,sell,0.5244140625,True
62,buy,buy,0.51611328125,True
69,sell,sell,0.5263671875,True
62,buy,sell,0.51220703125,False
117,buy,buy,0.495361328125,True
113,sell,buy,0.5166015625,False
91,sell,sell,0.49853515625,True
56,buy,sell,0.5263671875,False
55,buy,sell,0.5830078125,False
57,buy,sell,0.52734375,False
76,buy,sell,0.51416015625,False
215,buy,sell,0.59130859375,False
194,sell,sell,0.5732421875,True
152,sell,buy,0.568359375,False
168,buy,sell,0.51708984375,False
480,buy,sell,0.497314453125,False
55,buy,sell,0.501953125,False
115,sell,sell,0.52685546875,True
206,buy,sell,0.52490234375,False
56,buy,sell,0.52783203125,False
56,sell,sell,0.53369140625,True
243,sell,sell,0.560546875,True
78,buy,buy,0.5185546875,True
135,sell,sell,0.55078125,True
55,buy,sell,0.50244140625,False
56,sell,sell,0.50537109375,True
56,buy,sell,0.5263671875,False
79,buy,sell,0.53369140625,False
56,sell,sell,0.499267578125,True
57,sell,sell,0.5234375,True
378,buy,sell,0.52734375,False
155,buy,buy,0.50634765625,True
119,buy,sell,0.51318359375,False
289,buy,buy,0.51318359375,True
58,buy,sell,0.53076171875,False
175,sell,sell,0.52978515625,True
126,buy,buy,0.509765625,True
56,buy,sell,0.501953125,False
56,buy,sell,0.5029296875,False
56,sell,sell,0.52880859375,True
56,sell,sell,0.501953125,True
454,buy,sell,0.51904296875,False
231,sell,sell,0.5712890625,True
55,buy,sell,0.53369140625,False
55,buy,sell,0.50244140625,False
56,sell,sell,0.51171875,True
63,sell,buy,0.53369140625,False
79,sell,sell,0.54541015625,True
55,sell,sell,0.51220703125,True
228,buy,buy,0.52001953125,True
55,buy,sell,0.51318359375,False
56,sell,sell,0.5380859375,True
537,buy,sell,0.52783203125,False
180,buy,buy,0.53662109375,True
123,sell,sell,0.52734375,True
153,buy,sell,0.5244140625,False
583,sell,sell,0.5693359375,True
517,buy,sell,0.5263671875,False
1171,buy,sell,0.436279296875,False
269,sell,sell,0.492919921875,True
166,sell,buy,0.5068359375,False
61,sell,buy,0.51025390625,False
171,buy,buy,0.478271484375,True
176,sell,sell,0.49365234375,True
132,buy,sell,0.497314453125,False
58,sell,sell,0.53076171875,True
56,buy,sell,0.5068359375,False
56,sell,sell,0.5009765625,True
56,sell,sell,0.5048828125,True
52,sell,sell,0.50732421875,True
156,buy,buy,0.5263671875,True
73,buy,sell,0.60107421875,False
59,buy,sell,0.59326171875,False
73,buy,sell,0.59814453125,False
140,sell,sell,0.556640625,True
55,buy,sell,0.517578125,False
86,buy,buy,0.509765625,True
98,buy,sell,0.52294921875,False
233,buy,buy,0.57177734375,True
70,sell,sell,0.5400390625,True
62,buy,sell,0.51513671875,False
210,buy,buy,0.509765625,True
103,buy,buy,0.51708984375,True
103,buy,buy,0.5205078125,True
150,buy,buy,0.5244140625,True
268,buy,sell,0.52392578125,False
92,buy,sell,0.5556640625,False
171,buy,buy,0.52880859375,True
55,sell,sell,0.5087890625,True
89,buy,sell,0.54541015625,False
81,buy,sell,0.5048828125,False
110,sell,sell,0.50830078125,True
105,buy,buy,0.54150390625,True
363,buy,sell,0.52685546875,False
519,sell,sell,0.5966796875,True
87,buy,buy,0.5009765625,True
58,sell,sell,0.56689453125,True
129,buy,buy,0.56689453125,True
756,buy,sell,0.5029296875,False
116,buy,sell,0.517578125,False
158,buy,buy,0.55908203125,True
1122,sell,sell,0.452392578125,True
3984,sell,buy,0.7265625,False
1396,buy,sell,0.57861328125,False
1354,sell,sell,0.53076171875,True
3543,sell,buy,0.666015625,False
4379,buy,buy,0.4560546875,True
2378,buy,sell,0.66064453125,False
2067,buy,sell,0.556640625,False
3450,buy,buy,0.4912109375,True
3632,sell,sell,0.61279296875,True
117,sell,buy,0.51416015625,False
148,buy,buy,0.52197265625,True
58,buy,sell,0.55126953125,False
281,buy,sell,0.5048828125,False
137,buy,sell,0.54541015625,False
122,buy,buy,0.51904296875,True
105,sell,buy,0.58154296875,False
168,buy,sell,0.49755859375,False
495,sell,sell,0.7138671875,True
57,buy,sell,0.52197265625,False
56,sell,sell,0.50048828125,True
142,buy,sell,0.54638671875,False
277,buy,sell,0.50048828125,False
131,buy,sell,0.50732421875,False
103,buy,sell,0.499267578125,False
239,buy,sell,0.52587890625,False
229,buy,buy,0.5224609375,True
154,buy,sell,0.4970703125,False
120,sell,sell,0.5693359375,True
79,buy,sell,0.59326171875,False
410,buy,sell,0.51904296875,False
138,buy,sell,0.50341796875,False
84,buy,sell,0.560546875,False
185,buy,sell,0.494384765625,False
728,buy,sell,0.5810546875,False
162,sell,sell,0.51171875,True
87,buy,sell,0.5078125,False
61,buy,sell,0.525390625,False
91,sell,buy,0.64697265625,False
125,buy,buy,0.50390625,True
243,buy,buy,0.5263671875,True
146,sell,buy,0.5107421875,False
37,buy,sell,0.50341796875,False
313,sell,sell,0.49755859375,True
347,buy,sell,0.517578125,False
77,sell,buy,0.537109375,False
55,buy,sell,0.5029296875,False
170,sell,sell,0.5048828125,True
286,buy,sell,0.55517578125,False
128,buy,buy,0.55029296875,True
122,buy,buy,0.51025390625,True
57,buy,sell,0.53466796875,False
57,sell,sell,0.53173828125,True
201,sell,sell,0.513671875,True
54,buy,sell,0.548828125,False
322,buy,sell,0.525390625,False
278,buy,sell,0.55029296875,False
138,buy,buy,0.5654296875,True
191,buy,buy,0.52685546875,True
143,sell,buy,0.51318359375,False
154,buy,buy,0.501953125,True
102,sell,sell,0.54736328125,True
149,buy,buy,0.53466796875,True
259,buy,sell,0.529296875,False
154,sell,buy,0.5673828125,False
283,buy,sell,0.51513671875,False
111,buy,buy,0.499755859375,True
52,buy,buy,0.5009765625,True
98,buy,buy,0.52392578125,True
104,buy,sell,0.53662109375,False
277,buy,buy,0.52587890625,True
80,buy,sell,0.5498046875,False
186,buy,buy,0.5732421875,True
31,buy,sell,0.53857421875,False
150,buy,buy,0.5537109375,True
56,sell,buy,0.5078125,False
52,buy,sell,0.58642578125,False
182,sell,buy,0.5146484375,False
175,sell,buy,0.5546875,False
70,buy,sell,0.59033203125,False
78,buy,buy,0.515625,True
194,sell,sell,0.56982421875,True
62,sell,sell,0.54345703125,True
58,sell,buy,0.52099609375,False
20,sell,buy,0.5087890625,False
82,buy,buy,0.51025390625,True
80,buy,sell,0.54541015625,False
79,buy,sell,0.50439453125,False
124,sell,sell,0.5302734375,True
227,buy,buy,0.5234375,True
39,sell,sell,0.54736328125,True
779,sell,sell,0.499755859375,True
55,buy,buy,0.499267578125,True
114,sell,sell,0.50634765625,True
382,buy,sell,0.5068359375,False
714,sell,buy,0.49609375,False
134,buy,buy,0.55712890625,True
1075,buy,sell,0.59716796875,False
911,buy,sell,0.73486328125,False
434,sell,sell,0.54736328125,True
283,buy,sell,0.5029296875,False
110,sell,buy,0.5087890625,False
114,sell,sell,0.49755859375,True
767,buy,sell,0.62060546875,False
57,sell,sell,0.583984375,True
83,sell,sell,0.619140625,True
56,buy,sell,0.6201171875,False
55,buy,sell,0.59619140625,False
86,buy,sell,0.61572265625,False
68,buy,sell,0.56396484375,False
70,sell,sell,0.54931640625,True
579,sell,sell,0.5478515625,True
315,buy,sell,0.5244140625,False
86,sell,sell,0.50830078125,True
95,sell,buy,0.50341796875,False
255,sell,sell,0.548828125,True
55,buy,sell,0.50537109375,False
937,buy,buy,0.583984375,True
517,buy,sell,0.51611328125,False
217,sell,buy,0.59375,False
396,buy,buy,0.515625,True
54,buy,buy,0.52880859375,True
158,sell,buy,0.55615234375,False
124,buy,sell,0.5029296875,False
54,sell,buy,0.517578125,False
542,sell,buy,0.51904296875,False
353,buy,sell,0.5390625,False
506,buy,sell,0.60400390625,False
182,sell,buy,0.501953125,False
2072,buy,sell,0.5263671875,False
1407,buy,sell,0.50732421875,False
705,buy,sell,0.59228515625,False
912,sell,buy,0.434814453125,False
552,sell,sell,0.5419921875,True
1461,buy,sell,0.61083984375,False
1962,sell,buy,0.52685546875,False
539,buy,buy,0.568359375,True
1665,sell,sell,0.6015625,True
782,buy,sell,0.51220703125,False
409,buy,buy,0.50341796875,True
3028,buy,buy,0.5068359375,True
843,buy,sell,0.60400390625,False
837,sell,sell,0.513671875,True
784,sell,sell,0.578125,True
42,buy,sell,0.52978515625,False
96,sell,sell,0.49560546875,True
125,buy,sell,0.498779296875,False
97,sell,sell,0.521484375,True
385,buy,sell,0.52587890625,False
87,buy,sell,0.53173828125,False
108,buy,sell,0.513671875,False
55,buy,buy,0.5048828125,True
87,buy,sell,0.51513671875,False
45,buy,sell,0.568359375,False
188,buy,buy,0.50830078125,True
56,sell,sell,0.51806640625,True
56,buy,buy,0.5,True
411,sell,sell,0.52880859375,True
1689,buy,sell,0.51416015625,False
397,buy,buy,0.49462890625,True
589,sell,buy,0.357666015625,False
201,buy,buy,0.5,True
601,buy,sell,0.59326171875,False
188,sell,sell,0.55908203125,True
486,buy,sell,0.51318359375,False
410,sell,sell,0.623046875,True
946,sell,sell,0.57177734375,True
1653,sell,sell,0.6337890625,True
935,buy,sell,0.576171875,False
917,sell,sell,0.5693359375,True
1416,buy,sell,0.5576171875,False
1537,buy,sell,0.5966796875,False
1489,buy,sell,0.576171875,False
1064,buy,buy,0.51318359375,True
1356,buy,sell,0.5673828125,False
1092,sell,buy,0.492431640625,False
2065,sell,buy,0.66015625,False
839,buy,sell,0.57421875,False
781,sell,sell,0.5576171875,True
2510,buy,buy,0.74267578125,True
1185,buy,sell,0.63623046875,False
1538,buy,sell,0.5615234375,False
649,buy,sell,0.51611328125,False
563,buy,sell,0.6455078125,False
419,sell,buy,0.54931640625,False
148,buy,buy,0.53369140625,True
123,buy,buy,0.5439453125,True
198,sell,buy,0.5244140625,False
153,sell,buy,0.50244140625,False
149,buy,buy,0.50341796875,True
50,buy,sell,0.54638671875,False
77,sell,sell,0.52392578125,True
678,buy,sell,0.65576171875,False
110,buy,buy,0.53076171875,True
310,sell,sell,0.5830078125,True
56,buy,sell,0.51611328125,False
570,buy,sell,0.6474609375,False
243,sell,buy,0.52392578125,False
228,sell,buy,0.505859375,False
170,buy,buy,0.5224609375,True
46,buy,buy,0.548828125,True
58,sell,sell,0.5107421875,True
106,buy,buy,0.53564453125,True
53,buy,sell,0.54345703125,False
89,sell,buy,0.51513671875,False
910,buy,sell,0.56787109375,False
1122,buy,sell,0.5576171875,False
2038,sell,buy,0.57080078125,False
2752,buy,buy,0.58642578125,True
2135,buy,buy,0.59375,True
1961,sell,buy,0.58251953125,False
3471,buy,buy,0.5908203125,True
2697,sell,buy,0.486572265625,False
1251,buy,sell,0.568359375,False
65,sell,buy,0.51708984375,False
74,buy,buy,0.50830078125,True
126,buy,sell,0.513671875,False
136,buy,sell,0.50439453125,False
56,buy,sell,0.521484375,False
127,buy,sell,0.52783203125,False
55,sell,sell,0.498291015625,True
135,buy,sell,0.52734375,False
144,sell,buy,0.50390625,False
117,buy,buy,0.51953125,True
57,buy,buy,0.51220703125,True
393,buy,buy,0.50244140625,True
142,buy,sell,0.64013671875,False
218,sell,buy,0.529296875,False
213,buy,sell,0.5185546875,False
83,buy,sell,0.4990234375,False
189,sell,buy,0.5517578125,False
116,buy,buy,0.54248046875,True
56,sell,sell,0.52490234375,True
188,buy,sell,0.5126953125,False
55,buy,sell,0.498291015625,False
393,buy,sell,0.499755859375,False
175,buy,buy,0.55810546875,True
182,sell,sell,0.50634765625,True
116,buy,sell,0.63818359375,False
796,buy,sell,0.5732421875,False
470,sell,sell,0.63037109375,True
210,buy,sell,0.5693359375,False
108,buy,sell,0.59375,False
722,buy,sell,0.61669921875,False
230,sell,buy,0.51025390625,False
130,buy,buy,0.49609375,True
223,buy,sell,0.54638671875,False
93,buy,sell,0.5146484375,False
145,buy,sell,0.53076171875,False
523,sell,sell,0.544921875,True
106,sell,sell,0.52880859375,True
55,buy,sell,0.5126953125,False
692,sell,sell,0.505859375,True
182,sell,sell,0.56640625,True
187,buy,sell,0.69775390625,False
225,sell,sell,0.51123046875,True
53,buy,sell,0.59814453125,False
57,sell,sell,0.53759765625,True
605,buy,sell,0.583984375,False
61,buy,sell,0.5458984375,False
199,buy,sell,0.5185546875,False
56,buy,sell,0.52880859375,False
56,buy,sell,0.52685546875,False
56,sell,sell,0.5048828125,True
79,buy,sell,0.5390625,False
113,buy,sell,0.50634765625,False
70,buy,buy,0.50732421875,True
56,sell,sell,0.52783203125,True
117,buy,buy,0.521484375,True
137,buy,buy,0.497802734375,True
361,sell,sell,0.5263671875,True
55,buy,sell,0.505859375,False
212,sell,buy,0.5380859375,False
79,sell,sell,0.51904296875,True
260,buy,buy,0.53271484375,True
156,buy,buy,0.568359375,True
387,buy,sell,0.59326171875,False
108,buy,buy,0.5322265625,True
298,buy,buy,0.5029296875,True
302,sell,sell,0.5322265625,True
106,sell,buy,0.498291015625,False
90,buy,buy,0.513671875,True
55,buy,sell,0.5302734375,False
57,sell,sell,0.55859375,True
417,sell,sell,0.5185546875,True
164,sell,buy,0.56787109375,False
186,buy,sell,0.5078125,False
464,buy,sell,0.5458984375,False
165,sell,buy,0.52197265625,False
44,buy,sell,0.5166015625,False
119,sell,buy,0.55419921875,False
106,sell,sell,0.55419921875,True
116,buy,buy,0.495361328125,True
180,buy,sell,0.50830078125,False
238,sell,sell,0.51708984375,True
503,buy,buy,0.49609375,True
628,buy,sell,0.6025390625,False
597,buy,sell,0.5673828125,False
262,buy,sell,0.54736328125,False
553,sell,sell,0.638671875,True
818,buy,sell,0.56103515625,False
559,buy,sell,0.56103515625,False
196,buy,buy,0.5185546875,True
159,sell,sell,0.53076171875,True
388,buy,sell,0.51611328125,False
413,buy,sell,0.52392578125,False
279,sell,sell,0.5390625,True
57,buy,sell,0.52783203125,False
56,sell,sell,0.50048828125,True
380,sell,sell,0.5869140625,True
1155,buy,sell,0.458740234375,False
850,buy,buy,0.421630859375,True
538,sell,buy,0.51416015625,False
773,buy,sell,0.454833984375,False
387,buy,sell,0.51708984375,False
596,sell,buy,0.447021484375,False
694,buy,sell,0.5595703125,False
198,sell,buy,0.5732421875,False
849,sell,sell,0.5322265625,True
983,sell,sell,0.45458984375,True
509,buy,sell,0.525390625,False
259,sell,buy,0.53955078125,False
97,buy,sell,0.53662109375,False
93,sell,buy,0.52294921875,False
56,buy,sell,0.52783203125,False
55,buy,sell,0.50244140625,False
77,sell,sell,0.53466796875,True
74,sell,sell,0.57763671875,True
56,buy,sell,0.5029296875,False
56,buy,sell,0.50634765625,False
165,sell,sell,0.53369140625,True
125,buy,sell,0.5048828125,False
217,buy,sell,0.52197265625,False
58,sell,sell,0.52978515625,True
57,sell,sell,0.53076171875,True
57,sell,sell,0.53173828125,True
210,sell,sell,0.51611328125,True
78,sell,sell,0.51025390625,True
84,buy,sell,0.5654296875,False
886,sell,sell,0.50390625,True
167,buy,buy,0.5439453125,True
418,sell,sell,0.50146484375,True
974,buy,sell,0.52880859375,False
215,sell,buy,0.5302734375,False
417,buy,sell,0.5009765625,False
59,sell,sell,0.5419921875,True
104,buy,sell,0.548828125,False
344,sell,buy,0.51025390625,False
306,buy,sell,0.57568359375,False
55,buy,sell,0.50390625,False
55,sell,sell,0.505859375,True
57,sell,sell,0.52783203125,True
249,sell,sell,0.5390625,True
55,buy,sell,0.50537109375,False
421,sell,sell,0.50146484375,True
815,buy,sell,0.5703125,False
1091,sell,sell,0.5439453125,True
1430,buy,sell,0.55810546875,False
287,buy,buy,0.5419921875,True
3927,sell,buy,0.57958984375,False
1699,sell,sell,0.58544921875,True
352,sell,sell,0.5537109375,True
617,buy,sell,0.58056640625,False
109,sell,buy,0.505859375,False
55,buy,buy,0.51708984375,True
463,sell,sell,0.50830078125,True
217,sell,sell,0.53857421875,True
396,buy,sell,0.51171875,False
90,sell,buy,0.51806640625,False
172,buy,sell,0.61669921875,False
1294,sell,sell,0.5322265625,True
137,sell,sell,0.53955078125,True
73,sell,sell,0.58642578125,True
116,buy,sell,0.56640625,False
66,sell,sell,0.55029296875,True
79,buy,sell,0.53271484375,False
165,buy,buy,0.51904296875,True
178,sell,sell,0.49658203125,True
77,buy,sell,0.5322265625,False
150,buy,buy,0.60400390625,True
85,buy,sell,0.55810546875,False
64,buy,buy,0.5068359375,True
206,buy,sell,0.560546875,False
245,sell,sell,0.5791015625,True
301,sell,sell,0.49853515625,True
32,buy,buy,0.56591796875,True
150,buy,buy,0.595703125,True
192,buy,buy,0.56396484375,True
58,sell,sell,0.51123046875,True
281,sell,buy,0.505859375,False
55,buy,buy,0.5380859375,True
313,buy,sell,0.5419921875,False
129,buy,buy,0.51318359375,True
1434,sell,sell,0.69287109375,True
44,buy,sell,0.57177734375,False
542,sell,sell,0.68505859375,True
67,buy,sell,0.5234375,False
108,buy,sell,0.5751953125,False
58,buy,sell,0.52197265625,False
134,sell,sell,0.50244140625,True
1428,sell,sell,0.56103515625,True
934,buy,buy,0.55615234375,True
250,sell,buy,0.50927734375,False
254,buy,sell,0.5068359375,False
1414,buy,sell,0.58447265625,False
295,sell,buy,0.52197265625,False
94,buy,sell,0.54345703125,False
652,sell,sell,0.5458984375,True
1168,sell,sell,0.63818359375,True
213,sell,sell,0.52490234375,True
226,buy,sell,0.51123046875,False
68,buy,sell,0.50048828125,False
69,buy,sell,0.572265625,False
57,buy,sell,0.5712890625,False
59,buy,sell,0.50341796875,False
55,sell,buy,0.5126953125,False
56,buy,sell,0.50830078125,False
169,buy,buy,0.497314453125,True
52,buy,sell,0.56591796875,False
78,buy,sell,0.5419921875,False
161,sell,buy,0.51953125,False
133,buy,sell,0.5078125,False
515,buy,sell,0.51806640625,False
288,buy,buy,0.52783203125,True
129,sell,buy,0.5283203125,False
271,buy,sell,0.57861328125,False
56,buy,buy,0.5087890625,True
57,buy,sell,0.509765625,False
55,sell,sell,0.58203125,True
160,buy,buy,0.5546875,True
187,sell,buy,0.521484375,False
144,buy,buy,0.52294921875,True
170,buy,buy,0.572265625,True
324,sell,sell,0.52734375,True
233,sell,buy,0.5263671875,False
55,buy,sell,0.572265625,False
55,buy,sell,0.5087890625,False
56,sell,sell,0.53662109375,True
56,buy,sell,0.53955078125,False
128,buy,sell,0.57470703125,False
147,sell,buy,0.5380859375,False
56,buy,sell,0.50537109375,False
881,sell,sell,0.491455078125,True
150,buy,buy,0.51708984375,True
136,buy,sell,0.52734375,False
57,sell,sell,0.53125,True
55,sell,sell,0.50244140625,True
174,sell,sell,0.50390625,True
235,sell,buy,0.53125,False
191,sell,buy,0.509765625,False
186,buy,sell,0.50537109375,False
140,buy,sell,0.5146484375,False
54,buy,sell,0.505859375,False
183,buy,buy,0.52783203125,True
86,sell,sell,0.5771484375,True
58,buy,buy,0.56298828125,True
89,buy,buy,0.49853515625,True
95,buy,sell,0.5166015625,False
188,sell,buy,0.53662109375,False
163,sell,buy,0.6103515625,False
377,buy,sell,0.51513671875,False
1048,buy,sell,0.62060546875,False
259,sell,buy,0.49853515625,False
1235,buy,sell,0.471923828125,False
128,buy,buy,0.56640625,True
315,buy,buy,0.5068359375,True
138,buy,sell,0.52392578125,False
2813,buy,sell,0.72998046875,False
800,buy,sell,0.5166015625,False
221,buy,buy,0.51904296875,True
163,buy,buy,0.5439453125,True
98,sell,buy,0.51416015625,False
131,buy,sell,0.5166015625,False
245,buy,buy,0.52392578125,True
52,buy,sell,0.54443359375,False
74,sell,sell,0.58642578125,True
293,buy,sell,0.54052734375,False
175,buy,buy,0.58056640625,True
94,sell,buy,0.53076171875,False
345,buy,buy,0.5107421875,True
107,buy,sell,0.525390625,False
107,buy,sell,0.52783203125,False
56,buy,sell,0.50146484375,False
55,buy,buy,0.498291015625,True
55,buy,buy,0.498291015625,True
56,sell,sell,0.498291015625,True
83,buy,sell,0.5322265625,False
146,sell,buy,0.5029296875,False
229,buy,sell,0.56005859375,False
112,buy,sell,0.513671875,False
95,buy,buy,0.52734375,True
61,buy,buy,0.50341796875,True
149,buy,sell,0.50634765625,False
29,buy,sell,0.5947265625,False
242,sell,sell,0.51220703125,True
209,buy,sell,0.50732421875,False
75,buy,sell,0.50830078125,False
254,buy,buy,0.5732421875,True
1008,sell,sell,0.498779296875,True
167,buy,sell,0.51416015625,False
389,sell,sell,0.60595703125,True
291,buy,sell,0.52099609375,False
249,buy,sell,0.54052734375,False
2219,buy,sell,0.5146484375,False
223,buy,sell,0.499755859375,False
1467,sell,sell,0.60400390625,True
6040,sell,none,0.11016845703125,False
51,sell,buy,0.53271484375,False
56,buy,sell,0.50048828125,False
403,buy,sell,0.5341796875,False
270,buy,sell,0.513671875,False
57,sell,sell,0.50146484375,True
56,buy,sell,0.50341796875,False
1297,buy,sell,0.56103515625,False
741,buy,sell,0.58740234375,False
1368,sell,sell,0.416748046875,True
633,buy,buy,0.55859375,True
891,buy,sell,0.55419921875,False
836,sell,sell,0.55517578125,True
1827,buy,sell,0.66259765625,False
641,sell,sell,0.55712890625,True
4157,sell,buy,0.701171875,False
53,buy,buy,0.5009765625,True
140,sell,buy,0.498291015625,False
62,sell,sell,0.56591796875,True
174,buy,sell,0.5537109375,False
64,buy,sell,0.50634765625,False
54,buy,sell,0.52490234375,False
52,buy,sell,0.60009765625,False
575,buy,sell,0.53173828125,False
123,buy,buy,0.5595703125,True
236,buy,sell,0.51171875,False
56,sell,buy,0.50634765625,False
122,buy,buy,0.560546875,True
186,sell,sell,0.50537109375,True
56,buy,buy,0.505859375,True
56,sell,sell,0.5185546875,True
57,sell,sell,0.5185546875,True
477,buy,sell,0.52490234375,False
67,buy,buy,0.52978515625,True
159,sell,buy,0.51708984375,False
249,buy,sell,0.53466796875,False
118,buy,sell,0.521484375,False
679,buy,sell,0.63427734375,False
135,buy,sell,0.525390625,False
117,buy,sell,0.53466796875,False
56,buy,buy,0.499267578125,True
56,buy,buy,0.50048828125,True
135,sell,buy,0.55712890625,False
150,buy,sell,0.56689453125,False
124,sell,sell,0.533203125,True
58,sell,sell,0.5263671875,True
56,sell,buy,0.50048828125,False
101,sell,sell,0.50830078125,True
47,buy,buy,0.5234375,True
149,sell,buy,0.5,False
58,buy,sell,0.54248046875,False
106,sell,sell,0.5322265625,True
56,sell,sell,0.50390625,True
56,buy,sell,0.52685546875,False
61,buy,buy,0.50341796875,True
280,sell,buy,0.54052734375,False
150,buy,buy,0.5361328125,True
157,buy,buy,0.5419921875,True
56,buy,sell,0.52978515625,False
56,buy,sell,0.5,False
56,buy,sell,0.52880859375,False
261,sell,sell,0.52978515625,True
55,buy,sell,0.499267578125,False
413,buy,buy,0.53173828125,True
273,sell,sell,0.54248046875,True
267,sell,sell,0.54931640625,True
56,sell,sell,0.50244140625,True
280,buy,sell,0.587890625,False
222,buy,buy,0.5185546875,True
64,sell,sell,0.5458984375,True
70,sell,sell,0.498779296875,True
124,sell,buy,0.5009765625,False
538,sell,sell,0.625,True
563,buy,sell,0.56787109375,False
302,buy,buy,0.50048828125,True
438,buy,sell,0.488037109375,False
124,buy,sell,0.533203125,False
549,sell,sell,0.701171875,True
190,sell,sell,0.5537109375,True
755,buy,sell,0.7177734375,False
55,sell,sell,0.525390625,True
54,buy,sell,0.51953125,False
795,buy,sell,0.58642578125,False
116,buy,sell,0.5556640625,False
343,buy,sell,0.59130859375,False
264,sell,sell,0.50390625,True
91,buy,sell,0.513671875,False
219,buy,buy,0.5498046875,True
132,sell,buy,0.50146484375,False
341,sell,buy,0.52783203125,False
75,buy,buy,0.5283203125,True
63,buy,sell,0.5107421875,False
143,buy,buy,0.5048828125,True
54,buy,sell,0.52587890625,False
54,sell,sell,0.5234375,True
113,sell,buy,0.52490234375,False
80,sell,buy,0.52978515625,False
41,buy,sell,0.54150390625,False
126,sell,sell,0.5126953125,True
283,sell,buy,0.5068359375,False
69,sell,sell,0.50634765625,True
69,buy,sell,0.611328125,False
66,buy,buy,0.50439453125,True
61,buy,sell,0.5986328125,False
53,sell,buy,0.52490234375,False
387,buy,sell,0.5087890625,False
358,buy,buy,0.5224609375,True
214,sell,buy,0.5927734375,False
499,sell,sell,0.615234375,True
117,buy,buy,0.50146484375,True
117,buy,sell,0.5146484375,False
119,buy,buy,0.5048828125,True
285,buy,buy,0.495849609375,True
57,sell,buy,0.5185546875,False
58,sell,buy,0.498779296875,False
105,sell,sell,0.5283203125,True
142,buy,sell,0.501953125,False
55,buy,sell,0.5087890625,False
256,buy,sell,0.54736328125,False
661,buy,sell,0.54150390625,False
393,sell,buy,0.51611328125,False
68,buy,buy,0.52392578125,True
63,sell,sell,0.5048828125,True
414,sell,buy,0.5048828125,False
271,sell,sell,0.5361328125,True
56,sell,sell,0.50537109375,True
352,buy,sell,0.53564453125,False
54,sell,buy,0.50537109375,False
101,sell,sell,0.5205078125,True
847,sell,sell,0.54296875,True
83,buy,sell,0.5439453125,False
56,buy,sell,0.59521484375,False
160,buy,sell,0.56640625,False
55,sell,buy,0.50048828125,False
719,buy,buy,0.52392578125,True
5036,buy,buy,0.57080078125,True
2938,buy,sell,0.5703125,False
1803,sell,buy,0.72900390625,False
984,sell,sell,0.576171875,True
1331,sell,sell,0.5576171875,True
273,sell,buy,0.5625,False
229,sell,buy,0.5908203125,False
44,buy,buy,0.51123046875,True
456,buy,buy,0.5712890625,True
250,sell,buy,0.5126953125,False
232,buy,buy,0.58056640625,True
578,buy,sell,0.55908203125,False
698,buy,sell,0.50537109375,False
55,buy,buy,0.497314453125,True
96,sell,sell,0.5,True
57,buy,sell,0.51611328125,False
113,sell,sell,0.59375,True
263,sell,sell,0.53076171875,True
231,buy,sell,0.517578125,False
90,sell,sell,0.50537109375,True
1946,buy,sell,0.49951171875,False
503,buy,sell,0.5390625,False
346,sell,sell,0.58642578125,True
106,buy,sell,0.4970703125,False
132,sell,buy,0.525390625,False
68,buy,buy,0.50390625,True
308,buy,buy,0.5146484375,True
190,buy,buy,0.5341796875,True
288,buy,buy,0.51220703125,True
97,buy,sell,0.55419921875,False
293,buy,buy,0.49951171875,True
120,buy,buy,0.5322265625,True
91,buy,sell,0.587890625,False
57,buy,sell,0.50146484375,False
57,sell,sell,0.50439453125,True
109,buy,buy,0.5048828125,True
57,buy,sell,0.5,False
119,sell,buy,0.5673828125,False
57,sell,sell,0.498291015625,True
58,sell,sell,0.4990234375,True
277,sell,buy,0.493896484375,False
885,buy,sell,0.57421875,False
340,sell,buy,0.494873046875,False
1732,sell,sell,0.64794921875,True
965,buy,sell,0.6396484375,False
440,buy,sell,0.54052734375,False
1965,buy,buy,0.5615234375,True
839,sell,sell,0.5595703125,True
809,sell,buy,0.5068359375,False
204,buy,buy,0.53662109375,True
59,buy,sell,0.53759765625,False
1653,buy,buy,0.49462890625,True
236,sell,buy,0.5791015625,False
59,buy,sell,0.5654296875,False
158,buy,sell,0.51123046875,False
1475,buy,sell,0.49169921875,False
335,buy,sell,0.56982421875,False
1504,buy,buy,0.52783203125,True
211,buy,buy,0.51953125,True
249,sell,sell,0.5166015625,True
54,sell,sell,0.53857421875,True
58,buy,sell,0.55859375,False
78,buy,sell,0.5654296875,False
136,buy,buy,0.5244140625,True
55,buy,sell,0.50830078125,False
54,sell,sell,0.50146484375,True
914,sell,sell,0.60400390625,True
238,buy,sell,0.55517578125,False
205,sell,sell,0.5283203125,True
72,buy,sell,0.5791015625,False
202,buy,sell,0.5185546875,False
510,buy,sell,0.56640625,False
362,sell,sell,0.51318359375,True
119,sell,sell,0.496826171875,True
427,sell,sell,0.5341796875,True
114,buy,buy,0.499267578125,True
55,buy,sell,0.50439453125,False
74,sell,sell,0.55908203125,True
119,sell,buy,0.5830078125,False
152,sell,sell,0.54833984375,True
376,sell,sell,0.5029296875,True
57,buy,sell,0.52685546875,False
55,buy,sell,0.4990234375,False
55,sell,sell,0.499267578125,True
56,buy,sell,0.53076171875,False
66,buy,buy,0.52880859375,True
51,buy,sell,0.55029296875,False
65,buy,sell,0.5673828125,False
375,buy,sell,0.52197265625,False
250,buy,sell,0.515625,False
542,sell,sell,0.6875,True
224,buy,buy,0.5419921875,True
588,sell,sell,0.52685546875,True
1646,sell,sell,0.548828125,True
1280,buy,sell,0.58447265625,False
260,buy,sell,0.5849609375,False
596,buy,sell,0.546875,False
238,sell,buy,0.51953125,False
293,buy,buy,0.50390625,True
59,sell,sell,0.560546875,True
444,buy,sell,0.5361328125,False
233,buy,buy,0.5302734375,True
50,buy,sell,0.52099609375,False
198,sell,buy,0.544921875,False
107,buy,sell,0.51318359375,False
214,sell,buy,0.498779296875,False
82,buy,buy,0.498291015625,True
103,buy,buy,0.51953125,True
72,buy,sell,0.55224609375,False
2037,buy,sell,0.55224609375,False
1536,buy,sell,0.6015625,False
943,sell,sell,0.5830078125,True
742,buy,sell,0.57470703125,False
1433,buy,sell,0.60546875,False
1785,buy,sell,0.576171875,False
366,sell,buy,0.501953125,False
139,sell,buy,0.51416015625,False
68,buy,buy,0.50927734375,True
188,buy,buy,0.546875,True
409,buy,sell,0.5341796875,False
134,sell,buy,0.5185546875,False
691,sell,sell,0.64404296875,True
373,buy,sell,0.55029296875,False
151,sell,buy,0.5068359375,False
810,buy,sell,0.568359375,False
834,buy,sell,0.55908203125,False
1156,buy,sell,0.6357421875,False
191,buy,buy,0.5537109375,True
123,sell,sell,0.52392578125,True
322,buy,buy,0.5576171875,True
153,buy,buy,0.505859375,True
55,sell,sell,0.51220703125,True
81,buy,sell,0.5009765625,False
118,buy,buy,0.515625,True
57,sell,sell,0.54248046875,True
118,buy,sell,0.52197265625,False
57,sell,sell,0.53857421875,True
158,sell,sell,0.51416015625,True
663,sell,sell,0.640625,True
215,sell,sell,0.56689453125,True
256,sell,buy,0.505859375,False
254,buy,sell,0.58935546875,False
251,buy,sell,0.525390625,False
2302,sell,sell,0.576171875,True
208,buy,sell,0.50537109375,False
134,sell,sell,0.5205078125,True
413,buy,sell,0.560546875,False
59,buy,buy,0.50634765625,True
54,buy,sell,0.55126953125,False
596,buy,sell,0.5341796875,False
662,buy,sell,0.491455078125,False
55,buy,buy,0.5068359375,True
81,buy,sell,0.53857421875,False
86,buy,buy,0.50927734375,True
60,buy,sell,0.54052734375,False
265,sell,buy,0.5078125,False
292,sell,sell,0.53076171875,True
86,sell,buy,0.51708984375,False
185,sell,buy,0.525390625,False
113,buy,sell,0.51953125,False
265,sell,buy,0.5,False
131,sell,sell,0.51953125,True
101,sell,sell,0.55810546875,True
56,buy,sell,0.498291015625,False
78,buy,sell,0.57421875,False
135,sell,buy,0.529296875,False
221,buy,sell,0.496337890625,False
267,buy,sell,0.5537109375,False
329,sell,buy,0.501953125,False
237,buy,sell,0.53515625,False
74,buy,buy,0.53466796875,True
200,buy,sell,0.5439453125,False
77,sell,buy,0.52294921875,False
375,sell,sell,0.501953125,True
64,buy,sell,0.5126953125,False
196,buy,buy,0.505859375,True
55,buy,buy,0.4990234375,True
55,buy,sell,0.52978515625,False
55,sell,sell,0.5,True
56,buy,sell,0.52587890625,False
231,sell,sell,0.5498046875,True
56,sell,sell,0.52294921875,True
288,buy,sell,0.5517578125,False
40,buy,buy,0.5166015625,True
57,buy,sell,0.52978515625,False
57,sell,sell,0.5048828125,True
56,buy,sell,0.52392578125,False
145,sell,buy,0.51806640625,False
216,sell,sell,0.53857421875,True
56,buy,sell,0.52880859375,False
56,buy,buy,0.501953125,True
82,buy,sell,0.5068359375,False
158,sell,sell,0.54150390625,True
57,buy,sell,0.51708984375,False
56,buy,buy,0.50390625,True
56,sell,buy,0.501953125,False
197,buy,sell,0.52978515625,False
805,sell,sell,0.52197265625,True
711,buy,sell,0.609375,False
178,sell,buy,0.493896484375,False
199,buy,buy,0.5439453125,True
432,buy,sell,0.55908203125,False
1713,sell,sell,0.54052734375,True
120,buy,sell,0.51123046875,False
459,sell,sell,0.591796875,True
187,sell,buy,0.56103515625,False
137,buy,buy,0.5087890625,True
61,sell,buy,0.52099609375,False
857,buy,sell,0.599609375,False
96,buy,sell,0.521484375,False
2539,buy,buy,0.85302734375,True
636,buy,sell,0.66650390625,False
89,buy,sell,0.58935546875,False
1001,sell,sell,0.6533203125,True
749,buy,buy,0.4296875,True
1257,buy,sell,0.53466796875,False
983,sell,buy,0.478271484375,False
654,buy,sell,0.66259765625,False
186,buy,buy,0.494140625,True
4103,sell,buy,0.66845703125,False
1315,buy,sell,0.54833984375,False
787,sell,sell,0.6416015625,True
1093,buy,sell,0.66162109375,False
236,sell,buy,0.521484375,False
61,buy,sell,0.51171875,False
163,sell,sell,0.49951171875,True
48,buy,buy,0.5048828125,True
87,buy,sell,0.53076171875,False
58,buy,sell,0.5546875,False
67,sell,sell,0.57568359375,True
2403,sell,sell,0.5380859375,True
2559,buy,sell,0.63916015625,False
3783,sell,buy,0.5966796875,False
5550,buy,buy,0.5859375,True
4277,buy,buy,0.84130859375,True
3278,buy,sell,0.59716796875,False
2506,buy,sell,0.52294921875,False
1487,buy,buy,0.483642578125,True
2525,sell,buy,0.61962890625,False
108,buy,buy,0.51025390625,True
580,buy,sell,0.5634765625,False
518,sell,sell,0.57763671875,True
246,buy,sell,0.52294921875,False
150,buy,buy,0.5361328125,True
57,buy,sell,0.52099609375,False
74,buy,sell,0.521484375,False
61,buy,sell,0.5712890625,False
56,buy,sell,0.51318359375,False
241,buy,sell,0.5205078125,False
223,sell,buy,0.52783203125,False
66,buy,sell,0.54345703125,False
55,sell,sell,0.5126953125,True
95,sell,buy,0.505859375,False
242,buy,sell,0.5087890625,False
234,buy,buy,0.5341796875,True
43,sell,buy,0.537109375,False
594,sell,sell,0.59033203125,True
106,sell,sell,0.51953125,True
62,sell,sell,0.57421875,True
113,buy,sell,0.51806640625,False
349,buy,buy,0.50244140625,True
57,sell,sell,0.5478515625,True
301,sell,buy,0.5361328125,False
81,buy,sell,0.517578125,False
59,buy,buy,0.57763671875,True
58,sell,sell,0.52197265625,True
694,buy,sell,0.51513671875,False
90,buy,buy,0.55419921875,True
58,sell,sell,0.52099609375,True
733,sell,sell,0.548828125,True
464,buy,buy,0.54052734375,True
680,sell,buy,0.498291015625,False
88,sell,buy,0.5439453125,False
729,buy,sell,0.56982421875,False
996,buy,sell,0.47607421875,False
693,buy,sell,0.568359375,False
364,buy,sell,0.5791015625,False
138,buy,sell,0.51123046875,False
77,buy,sell,0.5009765625,False
176,buy,buy,0.55029296875,True
237,buy,sell,0.5556640625,False
476,buy,buy,0.5400390625,True
211,sell,sell,0.62060546875,True
325,sell,sell,0.5322265625,True
334,sell,sell,0.560546875,True
224,buy,sell,0.5595703125,False
57,sell,sell,0.52978515625,True
212,buy,sell,0.49951171875,False
286,buy,sell,0.5537109375,False
225,buy,sell,0.529296875,False
58,buy,sell,0.54931640625,False
533,sell,sell,0.54296875,True
276,buy,sell,0.53515625,False
1727,sell,sell,0.49609375,True
978,buy,buy,0.50634765625,True
1810,sell,sell,0.5947265625,True
1023,buy,sell,0.66650390625,False
1307,sell,sell,0.69970703125,True
2198,buy,sell,0.51220703125,False
1386,buy,sell,0.6015625,False
1287,buy,sell,0.6279296875,False
1228,sell,sell,0.61474609375,True
55,buy,buy,0.5029296875,True
54,sell,buy,0.5048828125,False
55,buy,sell,0.51513671875,False
55,sell,buy,0.499267578125,False
56,buy,sell,0.51708984375,False
55,buy,buy,0.501953125,True
56,buy,sell,0.52001953125,False
122,buy,buy,0.5419921875,True
311,buy,buy,0.54345703125,True
241,sell,buy,0.5146484375,False
85,buy,sell,0.56298828125,False
403,sell,sell,0.5400390625,True
198,buy,sell,0.5087890625,False
428,sell,sell,0.50390625,True
209,sell,sell,0.51025390625,True
201,sell,buy,0.529296875,False
280,buy,buy,0.5087890625,True
162,buy,buy,0.513671875,True
295,buy,sell,0.564453125,False
97,buy,sell,0.53564453125,False
58,sell,sell,0.5283203125,True
158,buy,sell,0.498291015625,False
102,sell,buy,0.51025390625,False
369,sell,sell,0.50927734375,True
226,buy,buy,0.53173828125,True
348,sell,buy,0.54541015625,False
525,sell,sell,0.496826171875,True
468,buy,buy,0.5693359375,True
83,sell,sell,0.5234375,True
56,buy,sell,0.5185546875,False
278,sell,sell,0.52197265625,True
988,buy,sell,0.60498046875,False
81,buy,sell,0.5126953125,False
145,buy,sell,0.55224609375,False
48,sell,sell,0.60546875,True
57,buy,sell,0.51904296875,False
230,buy,sell,0.5234375,False
263,sell,sell,0.5205078125,True
429,sell,sell,0.57421875,True
186,sell,sell,0.58251953125,True
154,buy,buy,0.54443359375,True
140,buy,buy,0.50048828125,True
444,sell,buy,0.55078125,False
197,buy,buy,0.53076171875,True
329,sell,sell,0.51171875,True
199,buy,buy,0.54736328125,True
121,buy,sell,0.53271484375,False
212,buy,buy,0.55810546875,True
467,sell,sell,0.52294921875,True
211,buy,buy,0.53076171875,True
101,buy,sell,0.52099609375,False
585,sell,buy,0.5048828125,False
444,sell,sell,0.50537109375,True
57,buy,sell,0.54052734375,False
56,buy,sell,0.53955078125,False
44,sell,buy,0.591796875,False
73,buy,buy,0.505859375,True
423,buy,buy,0.505859375,True
70,buy,buy,0.55712890625,True
119,sell,buy,0.55712890625,False
224,sell,buy,0.52587890625,False
79,sell,sell,0.56689453125,True
58,sell,buy,0.50634765625,False
57,buy,sell,0.51171875,False
314,buy,buy,0.5390625,True
148,sell,buy,0.5625,False
98,buy,buy,0.5322265625,True
101,buy,sell,0.525390625,False
169,buy,buy,0.630859375,True
82,sell,buy,0.5087890625,False
69,buy,sell,0.53125,False
117,buy,sell,0.54150390625,False
107,sell,sell,0.533203125,True
136,buy,buy,0.498046875,True
56,buy,sell,0.5458984375,False
48,buy,buy,0.548828125,True
567,buy,sell,0.61328125,False
4031,buy,buy,0.7724609375,True
2757,buy,sell,0.478515625,False
465,sell,sell,0.50830078125,True
376,sell,buy,0.50537109375,False
64,buy,sell,0.53173828125,False
328,buy,buy,0.5146484375,True
178,sell,sell,0.4970703125,True
145,sell,sell,0.60009765625,True
115,sell,sell,0.5498046875,True
60,sell,sell,0.5517578125,True
548,buy,buy,0.471923828125,True
81,buy,sell,0.533203125,False
537,sell,buy,0.5146484375,False
244,sell,sell,0.5048828125,True
106,sell,sell,0.59033203125,True
53,buy,sell,0.578125,False
127,buy,sell,0.5244140625,False
171,buy,sell,0.509765625,False
442,sell,buy,0.51904296875,False
97,sell,sell,0.5380859375,True
237,buy,sell,0.51611328125,False
56,sell,sell,0.56298828125,True
350,sell,sell,0.56298828125,True
159,buy,sell,0.5341796875,False
150,buy,buy,0.54052734375,True
1448,buy,sell,0.6640625,False
920,buy,sell,0.5625,False
437,sell,sell,0.64990234375,True
205,buy,buy,0.51513671875,True
110,buy,buy,0.491455078125,True
148,sell,buy,0.51171875,False
60,sell,sell,0.55615234375,True
53,buy,sell,0.5009765625,False
176,buy,sell,0.576171875,False
315,sell,sell,0.521484375,True
57,buy,sell,0.54443359375,False
56,buy,sell,0.54345703125,False
55,sell,sell,0.5166015625,True
62,buy,sell,0.56640625,False
55,sell,sell,0.51953125,True
56,buy,sell,0.54150390625,False
593,buy,sell,0.490966796875,False
56,buy,sell,0.54345703125,False
169,buy,buy,0.5439453125,True
148,sell,sell,0.51123046875,True
82,buy,sell,0.52001953125,False
162,buy,buy,0.5869140625,True
168,sell,sell,0.54833984375,True
66,buy,sell,0.52490234375,False
1139,sell,sell,0.580078125,True
1661,buy,buy,0.499267578125,True
483,sell,sell,0.5126953125,True
382,buy,sell,0.5546875,False
731,buy,sell,0.638671875,False
273,buy,sell,0.51123046875,False
654,buy,sell,0.59326171875,False
105,sell,sell,0.505859375,True
1038,sell,sell,0.53076171875,True
278,sell,buy,0.49853515625,False
71,buy,sell,0.5771484375,False
176,buy,sell,0.57861328125,False
99,buy,sell,0.51513671875,False
737,sell,sell,0.67919921875,True
273,buy,sell,0.5322265625,False
78,buy,sell,0.5693359375,False
271,sell,sell,0.54443359375,True
57,sell,sell,0.53466796875,True
237,sell,sell,0.58740234375,True
245,sell,sell,0.54150390625,True
194,buy,buy,0.51806640625,True
56,buy,sell,0.498291015625,False
307,buy,buy,0.51220703125,True
60,sell,sell,0.53515625,True
146,buy,buy,0.54345703125,True
1489,buy,sell,0.4189453125,False
794,buy,sell,0.5068359375,False
95,buy,buy,0.55517578125,True
65,buy,sell,0.54052734375,False
33,sell,buy,0.55126953125,False
144,buy,buy,0.51220703125,True
127,buy,buy,0.5078125,True
63,sell,sell,0.51611328125,True
76,buy,buy,0.4990234375,True
253,buy,sell,0.53173828125,False
57,buy,sell,0.49951171875,False
57,sell,buy,0.49755859375,False
57,buy,buy,0.50146484375,True
57,buy,buy,0.499267578125,True
58,sell,sell,0.52001953125,True
58,sell,sell,0.51611328125,True
111,sell,buy,0.50048828125,False
56,sell,buy,0.499267578125,False
333,buy,buy,0.498291015625,True
57,buy,sell,0.53173828125,False
55,buy,sell,0.5009765625,False
372,buy,sell,0.58740234375,False
57,buy,sell,0.53173828125,False
54,buy,buy,0.49853515625,True
2623,sell,buy,0.587890625,False
728,sell,sell,0.5361328125,True
1247,sell,sell,0.69775390625,True
508,buy,sell,0.56201171875,False
218,buy,sell,0.5341796875,False
318,buy,buy,0.5224609375,True
135,buy,buy,0.5478515625,True
215,buy,buy,0.54541015625,True
196,sell,buy,0.53125,False
1419,buy,sell,0.75146484375,False
739,buy,sell,0.64599609375,False
652,sell,sell,0.56005859375,True
3569,buy,buy,0.62890625,True
2002,buy,sell,0.673828125,False
2034,sell,buy,0.5107421875,False
2280,buy,sell,0.56640625,False
663,buy,sell,0.623046875,False
778,sell,sell,0.59814453125,True
58,sell,sell,0.55908203125,True
88,buy,sell,0.57080078125,False
300,buy,buy,0.55078125,True
69,sell,sell,0.50732421875,True
189,sell,buy,0.50537109375,False
389,buy,sell,0.626953125,False
396,buy,sell,0.56005859375,False
325,buy,sell,0.58056640625,False
461,buy,sell,0.62744140625,False
56,buy,sell,0.52880859375,False
329,sell,sell,0.60009765625,True
274,sell,sell,0.5126953125,True
55,buy,sell,0.5029296875,False
128,buy,sell,0.50830078125,False
128,sell,sell,0.499755859375,True
56,sell,sell,0.52880859375,True
55,sell,sell,0.53759765625,True
81,buy,sell,0.51953125,False
76,buy,buy,0.51611328125,True
59,sell,sell,0.57861328125,True
251,buy,buy,0.53564453125,True
187,buy,sell,0.49267578125,False
55,buy,sell,0.5107421875,False
57,buy,sell,0.5341796875,False
73,buy,buy,0.53125,True
55,buy,sell,0.50634765625,False
56,buy,sell,0.53564453125,False
56,sell,sell,0.53857421875,True
63,buy,buy,0.53271484375,True
108,sell,sell,0.51318359375,True
82,buy,buy,0.50439453125,True
186,buy,buy,0.53564453125,True
102,buy,buy,0.496826171875,True
56,sell,sell,0.51611328125,True
336,buy,sell,0.52197265625,False
250,sell,sell,0.5615234375,True
55,buy,sell,0.5166015625,False
682,buy,sell,0.52587890625,False
226,sell,sell,0.55712890625,True
389,sell,sell,0.53662109375,True
358,buy,sell,0.544921875,False
247,buy,sell,0.5595703125,False
98,sell,sell,0.513671875,True
209,buy,buy,0.515625,True
253,buy,sell,0.5322265625,False
146,sell,sell,0.50439453125,True
253,sell,sell,0.50244140625,True
93,sell,sell,0.501953125,True
94,buy,sell,0.55419921875,False
138,buy,sell,0.5537109375,False
66,sell,sell,0.5185546875,True
63,buy,sell,0.505859375,False
258,buy,buy,0.517578125,True
109,buy,buy,0.55029296875,True
169,buy,buy,0.6015625,True
151,sell,buy,0.6171875,False
161,sell,sell,0.5146484375,True
161,sell,buy,0.53857421875,False
1128,sell,sell,0.57275390625,True
72,buy,sell,0.51220703125,False
54,buy,sell,0.5341796875,False
224,buy,buy,0.5078125,True
67,buy,buy,0.51318359375,True
56,sell,sell,0.5615234375,True
39,buy,sell,0.5244140625,False
149,buy,sell,0.5146484375,False
70,buy,buy,0.495361328125,True
55,buy,sell,0.499267578125,False
56,buy,sell,0.52392578125,False
145,buy,sell,0.529296875,False
229,sell,buy,0.53955078125,False
55,buy,sell,0.5029296875,False
162,buy,buy,0.50830078125,True
57,sell,sell,0.5390625,True
138,buy,buy,0.52880859375,True
55,buy,sell,0.51806640625,False
57,sell,sell,0.5390625,True
93,buy,sell,0.544921875,False
115,sell,sell,0.50244140625,True
105,sell,sell,0.51806640625,True
56,buy,sell,0.5,False
133,buy,sell,0.587890625,False
96,buy,sell,0.53271484375,False
71,sell,sell,0.517578125,True
209,buy,sell,0.51904296875,False
148,sell,buy,0.5634765625,False
157,buy,sell,0.537109375,False
139,buy,buy,0.55517578125,True
347,sell,sell,0.49560546875,True
144,buy,sell,0.56396484375,False
382,sell,sell,0.60986328125,True
263,buy,sell,0.55224609375,False
750,buy,sell,0.60302734375,False
157,sell,buy,0.517578125,False
76,buy,sell,0.5791015625,False
56,buy,sell,0.52099609375,False
297,sell,sell,0.51904296875,True
57,sell,sell,0.5078125,True
343,buy,sell,0.50439453125,False
157,buy,buy,0.5126953125,True
75,buy,sell,0.49853515625,False
187,buy,sell,0.497314453125,False
196,sell,sell,0.548828125,True
79,sell,buy,0.51904296875,False
277,buy,sell,0.53662109375,False
51,sell,sell,0.5322265625,True
290,buy,buy,0.564453125,True
41,buy,sell,0.472412109375,False
174,sell,buy,0.56103515625,False
102,sell,buy,0.517578125,False
55,buy,buy,0.501953125,True
173,buy,buy,0.52001953125,True
59,sell,sell,0.52392578125,True
66,sell,sell,0.6279296875,True
60,buy,sell,0.51806640625,False
485,buy,buy,0.501953125,True
167,buy,buy,0.5146484375,True
1090,buy,sell,0.50537109375,False
1543,sell,sell,0.626953125,True
593,sell,sell,0.52392578125,True
3373,sell,buy,0.873046875,False
151,buy,buy,0.5048828125,True
81,sell,sell,0.5458984375,True
98,buy,buy,0.50341796875,True
408,sell,sell,0.56494140625,True
1262,buy,sell,0.630859375,False
1112,sell,sell,0.65771484375,True
944,buy,sell,0.6123046875,False
1471,buy,sell,0.63134765625,False
2191,buy,sell,0.58154296875,False
1071,sell,sell,0.61083984375,True
344,buy,sell,0.5234375,False
1860,sell,sell,0.57568359375,True
412,buy,sell,0.57275390625,False
86,buy,buy,0.5322265625,True
135,sell,sell,0.53857421875,True
270,buy,buy,0.50439453125,True
428,buy,buy,0.51220703125,True
229,sell,sell,0.5234375,True
56,buy,sell,0.52978515625,False
54,sell,buy,0.497314453125,False
297,sell,sell,0.52783203125,True
123,buy,sell,0.5849609375,False
55,sell,sell,0.498291015625,True
133,buy,sell,0.53759765625,False
56,buy,sell,0.52490234375,False
58,buy,sell,0.59521484375,False
152,sell,sell,0.52734375,True
382,buy,sell,0.56005859375,False
101,buy,sell,0.58837890625,False
84,buy,buy,0.50634765625,True
88,buy,buy,0.50634765625,True
124,sell,sell,0.52587890625,True
158,buy,buy,0.5400390625,True
55,buy,sell,0.505859375,False
450,buy,sell,0.50341796875,False
62,sell,buy,0.51611328125,False
190,buy,buy,0.55517578125,True
62,buy,sell,0.52685546875,False
234,buy,buy,0.5341796875,True
266,sell,buy,0.5078125,False
752,buy,buy,0.49755859375,True
145,buy,sell,0.498291015625,False
215,buy,buy,0.52685546875,True
47,buy,sell,0.51611328125,False
56,buy,sell,0.51953125,False
74,buy,sell,0.56201171875,False
144,sell,buy,0.52099609375,False
81,buy,sell,0.521484375,False
74,sell,buy,0.5556640625,False
65,buy,sell,0.560546875,False
352,buy,buy,0.50390625,True
64,sell,sell,0.5712890625,True
57,buy,sell,0.568359375,False
485,buy,sell,0.58837890625,False
65,buy,sell,0.564453125,False
65,buy,sell,0.552734375,False
57,sell,sell,0.56640625,True
246,sell,buy,0.50048828125,False
82,sell,sell,0.5576171875,True
113,buy,sell,0.52197265625,False
194,buy,buy,0.52734375,True
55,buy,sell,0.5078125,False
80,sell,sell,0.51953125,True
59,sell,sell,0.5634765625,True
287,sell,sell,0.55078125,True
237,buy,buy,0.5478515625,True
92,buy,sell,0.51904296875,False
138,sell,buy,0.62060546875,False
190,sell,sell,0.50927734375,True
116,sell,buy,0.495361328125,False
87,sell,sell,0.51904296875,True
1403,buy,sell,0.62890625,False
755,sell,sell,0.65673828125,True
240,buy,sell,0.54736328125,False
368,buy,sell,0.5693359375,False
129,sell,sell,0.53955078125,True
582,sell,sell,0.63037109375,True
56,buy,sell,0.52490234375,False
72,buy,sell,0.517578125,False
267,buy,sell,0.5302734375,False
153,sell,buy,0.515625,False
55,sell,buy,0.5029296875,False
70,sell,buy,0.5546875,False
305,buy,buy,0.5576171875,True
147,buy,buy,0.5751953125,True
899,buy,buy,0.572265625,True
500,sell,sell,0.5361328125,True
142,sell,buy,0.6123046875,False
81,buy,buy,0.515625,True
249,buy,buy,0.6005859375,True
169,buy,buy,0.49658203125,True
183,buy,sell,0.5380859375,False
206,buy,sell,0.552734375,False
167,sell,buy,0.55224609375,False
149,buy,buy,0.51513671875,True
55,buy,buy,0.5,True
136,sell,sell,0.494140625,True
56,sell,sell,0.51904296875,True
58,buy,buy,0.495849609375,True
55,sell,buy,0.5068359375,False
219,buy,buy,0.51318359375,True
58,buy,buy,0.560546875,True
55,sell,buy,0.505859375,False
140,sell,sell,0.51025390625,True
74,buy,buy,0.51416015625,True
40,sell,buy,0.568359375,False
38,buy,buy,0.509765625,True
760,buy,sell,0.63232421875,False
207,buy,sell,0.50732421875,False
227,buy,sell,0.58642578125,False
243,sell,sell,0.57763671875,True
134,buy,buy,0.541015625,True
55,buy,buy,0.50048828125,True
276,buy,sell,0.49658203125,False
287,sell,sell,0.56201171875,True
56,sell,sell,0.521484375,True
56,buy,sell,0.499267578125,False
125,buy,buy,0.51123046875,True
85,buy,sell,0.509765625,False
284,buy,sell,0.51806640625,False
94,sell,buy,0.525390625,False
105,sell,buy,0.63232421875,False
81,buy,sell,0.61767578125,False
55,sell,buy,0.497314453125,False
300,sell,buy,0.50439453125,False
166,buy,sell,0.53955078125,False
204,sell,buy,0.52294921875,False
66,buy,buy,0.499755859375,True
61,buy,sell,0.509765625,False
135,sell,buy,0.5078125,False
111,buy,sell,0.5439453125,False
94,sell,sell,0.5400390625,True
50,sell,sell,0.505859375,True
273,buy,buy,0.56787109375,True
393,sell,buy,0.517578125,False
115,buy,buy,0.5556640625,True
312,buy,buy,0.5009765625,True
90,buy,buy,0.5537109375,True
63,buy,buy,0.5556640625,True
144,buy,buy,0.50732421875,True
151,buy,buy,0.59521484375,True
368,sell,sell,0.497802734375,True
284,buy,buy,0.5302734375,True
341,buy,buy,0.58935546875,True
230,buy,buy,0.59423828125,True
54,buy,buy,0.52685546875,True
282,buy,buy,0.513671875,True
317,sell,buy,0.498779296875,False
133,sell,buy,0.51708984375,False
160,buy,buy,0.560546875,True
133,buy,buy,0.5341796875,True
85,buy,sell,0.51123046875,False
82,sell,buy,0.52197265625,False
2285,buy,buy,0.68115234375,True
1378,sell,buy,0.4990234375,False
548,sell,sell,0.54833984375,True
214,buy,buy,0.53564453125,True
291,buy,sell,0.54833984375,False
356,sell,sell,0.552734375,True
111,buy,sell,0.5146484375,False
137,buy,sell,0.50439453125,False
110,buy,buy,0.498291015625,True
150,buy,buy,0.497802734375,True
122,buy,sell,0.517578125,False
157,sell,buy,0.560546875,False
151,sell,buy,0.53515625,False
94,buy,buy,0.52978515625,True
42,buy,buy,0.57470703125,True
96,sell,sell,0.50341796875,True
56,buy,sell,0.50537109375,False
240,sell,sell,0.5595703125,True
131,buy,sell,0.5234375,False
76,sell,buy,0.51318359375,False
57,buy,sell,0.52783203125,False
74,sell,buy,0.53515625,False
85,buy,sell,0.53857421875,False
55,buy,sell,0.50244140625,False
142,buy,sell,0.491455078125,False
57,buy,sell,0.529296875,False
57,buy,sell,0.525390625,False
458,buy,sell,0.6123046875,False
209,sell,buy,0.52294921875,False
386,buy,sell,0.5234375,False
472,buy,sell,0.54541015625,False
530,sell,sell,0.6826171875,True
701,sell,sell,0.65380859375,True
275,sell,sell,0.54052734375,True
593,sell,sell,0.58251953125,True
1952,sell,buy,0.47216796875,False
502,buy,sell,0.591796875,False
235,buy,buy,0.53515625,True
257,buy,sell,0.53271484375,False
181,sell,sell,0.58447265625,True
268,sell,sell,0.51123046875,True
134,buy,sell,0.521484375,False
68,sell,sell,0.5029296875,True
46,buy,sell,0.53662109375,False
118,sell,sell,0.53515625,True
76,buy,buy,0.5009765625,True
80,buy,sell,0.517578125,False
248,buy,sell,0.53564453125,False
91,buy,buy,0.49951171875,True
247,sell,sell,0.5322265625,True
18,buy,sell,0.53662109375,False
55,buy,sell,0.62060546875,False
228,buy,buy,0.5654296875,True
63,buy,buy,0.5283203125,True
80,buy,buy,0.51025390625,True
68,buy,sell,0.5322265625,False
173,buy,sell,0.54296875,False
227,buy,sell,0.5078125,False
193,buy,sell,0.57666015625,False
56,buy,buy,0.5,True
57,sell,sell,0.5205078125,True
333,sell,sell,0.54541015625,True
371,sell,sell,0.55322265625,True
60,sell,sell,0.515625,True
132,buy,buy,0.5224609375,True
84,sell,sell,0.52490234375,True
109,buy,sell,0.51025390625,False
197,sell,sell,0.5068359375,True
377,buy,buy,0.498046875,True
479,buy,sell,0.55224609375,False
548,buy,buy,0.51171875,True
55,buy,sell,0.50732421875,False
162,buy,buy,0.63818359375,True
113,sell,sell,0.52294921875,True
64,sell,sell,0.50537109375,True
59,buy,sell,0.560546875,False
250,sell,sell,0.56396484375,True
158,buy,sell,0.57763671875,False
350,buy,sell,0.52978515625,False
393,buy,sell,0.496337890625,False
182,buy,sell,0.5185546875,False
341,buy,sell,0.5751953125,False
403,sell,sell,0.54931640625,True
120,sell,sell,0.517578125,True
75,buy,sell,0.5087890625,False
96,sell,buy,0.51171875,False
313,buy,buy,0.5263671875,True
165,buy,sell,0.53564453125,False
156,buy,buy,0.51904296875,True
58,buy,sell,0.56494140625,False
58,sell,sell,0.53515625,True
142,buy,buy,0.51171875,True
64,buy,sell,0.55322265625,False
122,buy,buy,0.497314453125,True
56,sell,sell,0.50244140625,True
56,buy,sell,0.53076171875,False
83,buy,sell,0.53173828125,False
56,buy,sell,0.50146484375,False
217,buy,buy,0.50634765625,True
196,buy,buy,0.53955078125,True
230,buy,buy,0.541015625,True
76,buy,buy,0.51123046875,True
181,buy,buy,0.56103515625,True
470,buy,sell,0.69482421875,False
274,buy,buy,0.50390625,True
55,buy,sell,0.50732421875,False
135,buy,sell,0.56689453125,False
133,sell,sell,0.54833984375,True
116,sell,sell,0.49560546875,True
1003,sell,sell,0.6279296875,True
2688,buy,sell,0.5439453125,False
1159,sell,sell,0.65478515625,True
1090,buy,buy,0.5322265625,True
766,buy,sell,0.52001953125,False
1058,buy,sell,0.51806640625,False
504,buy,buy,0.5185546875,True
298,buy,sell,0.51416015625,False
1191,buy,sell,0.53173828125,False
87,buy,sell,0.5595703125,False
57,sell,sell,0.5361328125,True
84,buy,sell,0.57275390625,False
57,buy,sell,0.53515625,False
109,buy,sell,0.5185546875,False
197,buy,buy,0.5380859375,True
142,buy,buy,0.548828125,True
114,sell,sell,0.50146484375,True
205,buy,buy,0.53125,True
227,sell,buy,0.51171875,False
158,buy,sell,0.5341796875,False
78,sell,sell,0.50634765625,True
217,buy,buy,0.513671875,True
99,buy,sell,0.56787109375,False
523,sell,buy,0.509765625,False
110,buy,sell,0.5341796875,False
116,buy,sell,0.568359375,False
95,sell,sell,0.51220703125,True
2080,sell,sell,0.638671875,True
1811,buy,sell,0.6015625,False
677,sell,sell,0.6220703125,True
1502,buy,sell,0.599609375,False
965,buy,sell,0.5732421875,False
1198,sell,sell,0.63037109375,True
880,buy,sell,0.58837890625,False
1136,sell,sell,0.6484375,True
1676,sell,sell,0.69775390625,True
94,buy,sell,0.5791015625,False
305,buy,sell,0.546875,False
56,buy,sell,0.51611328125,False
87,buy,sell,0.56298828125,False
69,buy,sell,0.5029296875,False
57,sell,sell,0.51513671875,True
55,buy,sell,0.515625,False
1374,buy,sell,0.67578125,False
2243,buy,buy,0.58349609375,True
337,sell,sell,0.51171875,True
432,buy,sell,0.51611328125,False
1323,buy,sell,0.62353515625,False
452,buy,sell,0.537109375,False
603,sell,sell,0.6083984375,True
331,sell,buy,0.517578125,False
54,buy,sell,0.59228515625,False
55,buy,sell,0.5068359375,False
56,buy,sell,0.5068359375,False
56,buy,sell,0.5068359375,False
57,buy,sell,0.52978515625,False
107,sell,sell,0.54248046875,True
180,sell,buy,0.492431640625,False
94,buy,buy,0.53857421875,True
337,sell,sell,0.52392578125,True
231,buy,sell,0.5400390625,False
213,sell,buy,0.51220703125,False
1300,buy,sell,0.5576171875,False
714,sell,sell,0.55810546875,True
536,buy,buy,0.51611328125,True
490,buy,sell,0.5576171875,False
290,buy,sell,0.5625,False
1578,sell,sell,0.69384765625,True
39,buy,sell,0.537109375,False
73,buy,sell,0.55029296875,False
56,sell,buy,0.5146484375,False
158,buy,buy,0.56103515625,True
142,sell,sell,0.51806640625,True
138,buy,buy,0.4931640625,True
129,sell,sell,0.50048828125,True
51,buy,sell,0.54296875,False
588,buy,sell,0.501953125,False
303,sell,sell,0.521484375,True
350,sell,sell,0.51220703125,True
189,buy,sell,0.50146484375,False
258,sell,sell,0.5146484375,True
237,buy,buy,0.52783203125,True
189,buy,buy,0.52197265625,True
56,sell,sell,0.54150390625,True
366,sell,sell,0.50537109375,True
71,buy,buy,0.5126953125,True
55,buy,sell,0.5,False
233,buy,sell,0.54052734375,False
401,buy,sell,0.56005859375,False
67,sell,buy,0.5185546875,False
56,buy,sell,0.5068359375,False
216,sell,sell,0.51416015625,True
124,sell,sell,0.49609375,True
863,sell,sell,0.578125,True
295,buy,sell,0.53515625,False
199,sell,buy,0.537109375,False
39,buy,buy,0.517578125,True
421,buy,sell,0.548828125,False
189,buy,sell,0.56201171875,False
80,sell,sell,0.51806640625,True
55,sell,sell,0.5263671875,True
189,sell,sell,0.51806640625,True
56,buy,buy,0.50634765625,True
285,sell,sell,0.52880859375,True
149,buy,buy,0.5166015625,True
544,buy,buy,0.509765625,True
14,buy,sell,0.58935546875,False
61,sell,buy,0.51318359375,False
223,buy,buy,0.492431640625,True
62,buy,buy,0.53271484375,True
480,buy,sell,0.580078125,False
127,sell,buy,0.5302734375,False
509,sell,buy,0.51123046875,False
90,buy,sell,0.54345703125,False
278,buy,buy,0.53564453125,True
221,buy,buy,0.57666015625,True
571,buy,sell,0.5869140625,False
77,buy,sell,0.55029296875,False
1004,sell,sell,0.5322265625,True
575,sell,sell,0.576171875,True
64,sell,buy,0.51708984375,False
48,sell,sell,0.59912109375,True
56,sell,buy,0.49755859375,False
55,sell,buy,0.50244140625,False
203,sell,buy,0.57763671875,False
113,sell,buy,0.5009765625,False
118,sell,buy,0.53173828125,False
98,buy,buy,0.5146484375,True
225,buy,sell,0.5029296875,False
315,sell,sell,0.54296875,True
55,sell,sell,0.55712890625,True
57,sell,sell,0.54150390625,True
98,sell,buy,0.52294921875,False
56,buy,sell,0.55859375,False
150,sell,buy,0.5966796875,False
697,sell,sell,0.59912109375,True
1251,buy,sell,0.5419921875,False
1420,sell,sell,0.537109375,True
665,buy,sell,0.499755859375,False
633,sell,sell,0.568359375,True
426,buy,sell,0.5625,False
208,buy,sell,0.5302734375,False
55,sell,sell,0.498046875,True
1620,sell,sell,0.521484375,True
188,buy,buy,0.5341796875,True
70,buy,sell,0.57666015625,False
252,sell,sell,0.52783203125,True
89,buy,buy,0.5185546875,True
63,buy,sell,0.5009765625,False
136,sell,buy,0.50390625,False
83,sell,buy,0.5126953125,False
71,buy,sell,0.49951171875,False
626,buy,sell,0.6572265625,False
290,sell,buy,0.52294921875,False
311,sell,sell,0.5654296875,True
255,sell,buy,0.53759765625,False
196,sell,sell,0.51953125,True
189,buy,buy,0.478271484375,True
20,sell,sell,0.529296875,True
218,sell,sell,0.56787109375,True
189,buy,sell,0.52197265625,False
73,buy,sell,0.56005859375,False
405,buy,sell,0.51953125,False
309,sell,sell,0.513671875,True
221,buy,buy,0.5361328125,True
56,buy,buy,0.5009765625,True
57,sell,sell,0.4990234375,True
1010,sell,buy,0.5478515625,False
116,sell,buy,0.51220703125,False
139,buy,buy,0.52099609375,True
58,sell,sell,0.52392578125,True
293,sell,buy,0.5263671875,False
208,sell,sell,0.5185546875,True
682,buy,sell,0.62060546875,False
287,buy,sell,0.568359375,False
278,sell,sell,0.515625,True
232,buy,sell,0.54248046875,False
485,buy,sell,0.59130859375,False
274,buy,sell,0.499755859375,False
297,sell,sell,0.55029296875,True
255,sell,buy,0.53662109375,False
172,buy,buy,0.55126953125,True
279,buy,buy,0.54248046875,True
257,buy,buy,0.494140625,True
93,sell,sell,0.52978515625,True
49,buy,sell,0.51953125,False
99,buy,buy,0.5009765625,True
357,sell,buy,0.47705078125,False
310,buy,sell,0.55078125,False
163,sell,sell,0.4990234375,True
300,buy,sell,0.50244140625,False
75,buy,buy,0.54736328125,True
86,sell,buy,0.5126953125,False
132,sell,buy,0.51953125,False
56,buy,sell,0.49951171875,False
55,buy,sell,0.498291015625,False
55,sell,sell,0.5029296875,True
56,buy,sell,0.52392578125,False
56,buy,sell,0.50048828125,False
57,sell,sell,0.52197265625,True
181,sell,buy,0.515625,False
56,buy,sell,0.501953125,False
1227,sell,sell,0.4521484375,True
3241,buy,buy,0.53564453125,True
531,sell,sell,0.6435546875,True
1168,buy,sell,0.5849609375,False
178,buy,buy,0.52490234375,True
1587,buy,sell,0.5927734375,False
586,buy,sell,0.65869140625,False
708,buy,sell,0.5869140625,False
2062,sell,sell,0.58251953125,True
128,sell,sell,0.521484375,True
241,buy,buy,0.5498046875,True
56,buy,sell,0.53125,False
213,buy,sell,0.53173828125,False
198,buy,sell,0.60595703125,False
123,buy,sell,0.5107421875,False
56,buy,sell,0.5263671875,False
158,sell,sell,0.564453125,True
66,buy,buy,0.51611328125,True
139,buy,buy,0.57275390625,True
144,buy,buy,0.50830078125,True
47,buy,sell,0.5615234375,False
54,sell,sell,0.5400390625,True
55,buy,sell,0.51416015625,False
55,buy,sell,0.51123046875,False
55,buy,sell,0.51123046875,False
56,sell,sell,0.53857421875,True
953,buy,sell,0.70458984375,False
55,sell,sell,0.53662109375,True
54,sell,sell,0.5068359375,True
96,buy,sell,0.53125,False
88,buy,sell,0.59912109375,False
753,buy,sell,0.6083984375,False
183,buy,buy,0.50634765625,True
90,sell,sell,0.5205078125,True
57,sell,buy,0.5380859375,False
53,buy,buy,0.5712890625,True
53,buy,buy,0.51904296875,True
136,buy,buy,0.52783203125,True
110,buy,buy,0.5078125,True
767,sell,sell,0.61376953125,True
140,sell,buy,0.517578125,False
2271,sell,sell,0.5380859375,True
697,buy,sell,0.642578125,False
1810,sell,sell,0.59228515625,True
377,buy,sell,0.501953125,False
439,buy,sell,0.5341796875,False
995,sell,sell,0.6279296875,True
328,sell,sell,0.607421875,True
57,sell,sell,0.51708984375,True
500,sell,sell,0.59130859375,True
180,buy,sell,0.51611328125,False
83,buy,buy,0.55126953125,True
56,buy,buy,0.5,True
158,sell,sell,0.5029296875,True
299,sell,sell,0.51171875,True
212,buy,buy,0.53955078125,True
768,buy,sell,0.5859375,False
30,buy,buy,0.57861328125,True
30,buy,buy,0.578125,True
64,sell,buy,0.5498046875,False
61,buy,buy,0.56298828125,True
63,sell,buy,0.564453125,False
68,buy,buy,0.52685546875,True
104,buy,sell,0.5517578125,False
255,buy,sell,0.50830078125,False
1043,buy,sell,0.59326171875,False
260,buy,buy,0.5302734375,True
177,sell,buy,0.54248046875,False
91,buy,buy,0.4970703125,True
55,buy,buy,0.4970703125,True
242,sell,sell,0.54052734375,True
219,buy,buy,0.568359375,True
233,buy,buy,0.5029296875,True
87,buy,sell,0.50830078125,False
87,sell,sell,0.5185546875,True
167,sell,buy,0.53369140625,False
110,buy,buy,0.537109375,True
57,buy,sell,0.52490234375,False
210,sell,sell,0.56201171875,True
